Sentence 1,Sentence 2
"""The coffee is hot."""," ""The coffee is incredibly hot."""
"""He is happy."""," ""He is very happy."""
"""She is tired."""," ""She is utterly exhausted."""
"""The movie was good."""," ""The movie was exceptionally good."""
"""I am hungry."""," ""I am ravenously hungry."""
"""The dog is small."""," ""The dog is remarkably small."""
"""The task is easy."""," ""The task is surprisingly easy."""
"""The music is loud."""," ""The music is deafeningly loud."""
"""The car is fast."""," ""The car is incredibly fast."""
"""The food is delicious."""," ""The food is absolutely delicious."""
"""She is intelligent."""," ""She is exceptionally intelligent."""
"""The book is interesting."""," ""The book is intensely interesting."""
"""He is tall."""," ""He is remarkably tall."""
"""The house is large."""," ""The house is enormously large."""
"""The problem is complex."""," ""The problem is extremely complex."""
"""The weather is bad."""," ""The weather is truly awful."""
"""The meeting was long."""," ""The meeting was excessively long."""
"""The cake is sweet."""," ""The cake is overwhelmingly sweet."""
"""The flowers are beautiful."""," ""The flowers are strikingly beautiful."""
"""He is angry."""," ""He is furious."""
"""She is sad."""," ""She is deeply saddened."""
"""The game was exciting."""," ""The game was thrilling."""
"""The journey was long."""," ""The journey was incredibly arduous."""
"""The story is captivating."""," ""The story is utterly captivating."""
"""The painting is vibrant."""," ""The painting is extraordinarily vibrant."""
"""The presentation was effective."""," ""The presentation was highly effective."""
"""The solution is simple."""," ""The solution is remarkably simple."""
"""The performance was impressive."""," ""The performance was truly awe-inspiring."""
"""The concert was memorable."""," ""The concert was unforgettable."""
"""The view was breathtaking."""," ""The view was absolutely breathtaking."""
"""The results are promising."""," ""The results are extremely promising."""
"""The project is challenging."""," ""The project is incredibly challenging."""
"""The decision was difficult."""," ""The decision was exceptionally difficult."""
"""The article is informative."""," ""The article is highly informative."""
"""The evidence is conclusive."""," ""The evidence is undeniably conclusive."""
"""The argument is persuasive."""," ""The argument is overwhelmingly persuasive."""
"""The explanation is clear."""," ""The explanation is perfectly clear."""
"""The instructions are simple."""," ""The instructions are remarkably straightforward."""
"""The recipe is easy to follow."""," ""The recipe is surprisingly easy to follow."""
"""The instructions are easy to understand."""," ""The instructions are remarkably easy to understand."""
"""The book is well-written."""," ""The book is exceptionally well-written."""
"""The film is suspenseful."""," ""The film is incredibly suspenseful."""
"""The play is moving."""," ""The play is deeply moving."""
"""The music is calming."""," ""The music is incredibly soothing."""
"""The food is spicy."""," ""The food is extremely spicy."""
"""The tea is hot."""," ""The tea is scalding hot."""
"""The sun is bright."""," ""The sun is blindingly bright."""
"""The wind is strong."""," ""The wind is fiercely strong."""
"""The rain is heavy."""," ""The rain is torrential."""
"""The snow is deep."""," ""The snow is incredibly deep."""
"""The ice is slippery."""," ""The ice is dangerously slippery."""
"""The road is icy."""," ""The road is extremely icy."""
"""The path is muddy."""," ""The path is incredibly muddy."""
"""The trail is steep."""," ""The trail is extremely steep."""
"""The climb is challenging."""," ""The climb is incredibly arduous."""
"""The hike is long."""," ""The hike is excessively long."""
"""The walk is pleasant."""," ""The walk is delightfully pleasant."""
"""The scenery is beautiful."""," ""The scenery is breathtakingly beautiful."""
"""The view is stunning."""," ""The view is absolutely stunning."""
"""The sunset is gorgeous."""," ""The sunset is incredibly gorgeous."""
"""The sunrise is spectacular."""," ""The sunrise is truly spectacular."""
"""The night is dark."""," ""The night is pitch black."""
"""The day is sunny."""," ""The day is gloriously sunny."""
"""The weather is perfect."""," ""The weather is absolutely perfect."""
"""The air is fresh."""," ""The air is wonderfully fresh."""
"""The water is clear."""," ""The water is crystal clear."""
"""The beach is sandy."""," ""The beach is beautifully sandy."""
"""The ocean is vast."""," ""The ocean is immensely vast."""
"""The sky is blue."""," ""The sky is a brilliant blue."""
"""The clouds are fluffy."""," ""The clouds are incredibly fluffy."""
"""The trees are tall."""," ""The trees are impressively tall."""
"""The forest is dense."""," ""The forest is incredibly dense."""
"""The mountains are majestic."""," ""The mountains are truly majestic."""
"""The landscape is dramatic."""," ""The landscape is incredibly dramatic."""
"""The flowers are fragrant."""," ""The flowers are incredibly fragrant."""
"""The birds are singing."""," ""The birds are singing beautifully."""
"""The animals are playful."""," ""The animals are incredibly playful."""
"""The children are happy."""," ""The children are overjoyed."""
"""The family is loving."""," ""The family is incredibly loving."""
"""The friends are close."""," ""The friends are incredibly close."""
"""The community is strong."""," ""The community is exceptionally strong."""
"""The town is quiet."""," ""The town is remarkably quiet."""
"""The city is bustling."""," ""The city is incredibly bustling."""
"""The country is peaceful."""," ""The country is wonderfully peaceful."""
"""The world is diverse."""," ""The world is incredibly diverse."""
"""The cake is moist."""," ""The cake is incredibly moist."""
"""The music is relaxing."""," ""The music is very relaxing."""
"""He is a skilled artist."""," ""He is an extremely skilled artist."""
"""The book is complex."""," ""The book is slightly complex."""
"""She is a talented writer."""," ""She is a very talented writer."""
"""The soup is flavorful."""," ""The soup is incredibly flavorful."""
"""The problem is simple."""," ""The problem is surprisingly simple."""
"""The solution is elegant."""," ""The solution is remarkably elegant."""
"""The design is modern."""," ""The design is strikingly modern."""
"""The presentation is clear."""," ""The presentation is exceptionally clear."""
"""The argument is convincing."""," ""The argument is overwhelmingly convincing."""
"""The evidence is strong."""," ""The evidence is remarkably strong."""
"""The analysis is thorough."""," ""The analysis is extremely thorough."""
"""The experiment is successful."""," ""The experiment is highly successful."""
"""The results are positive."""," ""The results are very positive."""
"""The outcome is uncertain."""," ""The outcome is somewhat uncertain."""
"""The situation is critical."""," ""The situation is extremely critical."""
"""The matter is urgent."""," ""The matter is very urgent."""
"""The task is challenging."""," ""The task is extremely challenging."""
"""The project is ambitious."""," ""The project is quite ambitious."""
"""The deadline is tight."""," ""The deadline is incredibly tight."""
"""The schedule is busy."""," ""The schedule is extremely busy."""
"""The meeting is productive."""," ""The meeting is very productive."""
"""The team is efficient."""," ""The team is remarkably efficient."""
"""The company is successful."""," ""The company is highly successful."""
"""The business is profitable."""," ""The business is extremely profitable."""
"""The investment is risky."""," ""The investment is slightly risky."""
"""The market is volatile."""," ""The market is extremely volatile."""
"""The economy is stable."""," ""The economy is relatively stable."""
"""The growth is slow."""," ""The growth is somewhat slow."""
"""The progress is steady."""," ""The progress is remarkably steady."""
"""The development is rapid."""," ""The development is extremely rapid."""
"""The technology is advanced."""," ""The technology is very advanced."""
"""The innovation is groundbreaking."""," ""The innovation is truly groundbreaking."""
"""The invention is useful."""," ""The invention is extremely useful."""
"""The discovery is important."""," ""The discovery is very important."""
"""The research is insightful."""," ""The research is incredibly insightful."""
"""The findings are conclusive."""," ""The findings are extremely conclusive."""
"""The conclusion is obvious."""," ""The conclusion is fairly obvious."""
"""The hypothesis is testable."""," ""The hypothesis is readily testable."""
"""The theory is sound."""," ""The theory is remarkably sound."""
"""The concept is abstract."""," ""The concept is somewhat abstract."""
"""The idea is original."""," ""The idea is quite original."""
"""The proposal is detailed."""," ""The proposal is extremely detailed."""
"""The plan is comprehensive."""," ""The plan is very comprehensive."""
"""The strategy is effective."""," ""The strategy is remarkably effective."""
"""The tactic is clever."""," ""The tactic is quite clever."""
"""The approach is innovative."""," ""The approach is very innovative."""
"""The method is reliable."""," ""The method is extremely reliable."""
"""The technique is precise."""," ""The technique is remarkably precise."""
"""The process is efficient."""," ""The process is very efficient."""
"""The system is complex."""," ""The system is extremely complex."""
"""The network is secure."""," ""The network is very secure."""
"""The software is user-friendly."""," ""The software is remarkably user-friendly."""
"""The interface is intuitive."""," ""The interface is very intuitive."""
"""The application is powerful."""," ""The application is extremely powerful."""
"""The program is versatile."""," ""The program is quite versatile."""
"""The tool is helpful."""," ""The tool is extremely helpful."""
"""The resource is valuable."""," ""The resource is very valuable."""
"""The information is accurate."""," ""The information is remarkably accurate."""
"""The data is consistent."""," ""The data is very consistent."""
"""The evidence is compelling."""," ""The evidence is overwhelmingly compelling."""
"""The argument is weak."""," ""The argument is somewhat weak."""
"""The conclusion is tentative."""," ""The conclusion is slightly tentative."""
"""The results are preliminary."""," ""The results are somewhat preliminary."""
"""The findings are inconclusive."""," ""The findings are slightly inconclusive."""
"""The hypothesis is questionable."""," ""The hypothesis is somewhat questionable."""
"""The theory is flawed."""," ""The theory is slightly flawed."""
"""The painting is vibrant."""," ""The painting is incredibly vibrant."""
"""The music is soothing."""," ""The music is very soothing."""
"""The story is captivating."""," ""The story is extremely captivating."""
"""The film is suspenseful."""," ""The film is slightly suspenseful."""
"""The play is moving."""," ""The play is very moving."""
"""The food is spicy."""," ""The food is incredibly spicy."""
"""The coffee is bitter."""," ""The coffee is slightly bitter."""
"""The tea is sweet."""," ""The tea is very sweet."""
"""The dessert is rich."""," ""The dessert is incredibly rich."""
"""The wine is dry."""," ""The wine is slightly dry."""
"""The cheese is sharp."""," ""The cheese is very sharp."""
"""The bread is crusty."""," ""The bread is incredibly crusty."""
"""The soup is creamy."""," ""The soup is very creamy."""
"""The salad is fresh."""," ""The salad is incredibly fresh."""
"""The steak is tender."""," ""The steak is very tender."""
"""The chicken is juicy."""," ""The chicken is incredibly juicy."""
"""The fish is flaky."""," ""The fish is very flaky."""
"""The vegetables are crisp."""," ""The vegetables are incredibly crisp."""
"""The pasta is al dente."""," ""The pasta is very al dente."""
"""The pizza is cheesy."""," ""The pizza is incredibly cheesy."""
"""The sandwich is delicious."""," ""The sandwich is extremely delicious."""
"""The burger is juicy."""," ""The burger is incredibly juicy."""
"""The fries are crispy."""," ""The fries are very crispy."""
"""The milkshake is thick."""," ""The milkshake is incredibly thick."""
"""The ice cream is cold."""," ""The ice cream is very cold."""
"""The cake is sweet."""," ""The cake is extremely sweet."""
"""The pie is tart."""," ""The pie is slightly tart."""
"""The cookies are chewy."""," ""The cookies are very chewy."""
"""The brownies are fudgy."""," ""The brownies are incredibly fudgy."""
"""The candy is sugary."""," ""The candy is extremely sugary."""
"""The chocolate is dark."""," ""The chocolate is slightly dark."""
"""The coffee is strong."""," ""The coffee is very strong."""
"""The tea is fragrant."""," ""The tea is incredibly fragrant."""
"""The air is humid."""," ""The air is slightly humid."""
"""The weather is warm."""," ""The weather is very warm."""
"""The day is sunny."""," ""The day is extremely sunny."""
"""The night is cool."""," ""The night is slightly cool."""
"""The wind is breezy."""," ""The wind is very breezy."""
"""The rain is gentle."""," ""The rain is slightly gentle."""
"""The snow is powdery."""," ""The snow is very powdery."""
"""The ice is slippery."""," ""The ice is extremely slippery."""
"""The road is icy."""," ""The road is slightly icy."""
"""The path is muddy."""," ""The path is very muddy."""
"""The trail is rocky."""," ""The trail is slightly rocky."""
"""The climb is steep."""," ""The climb is extremely steep."""
"""The hike is long."""," ""The hike is very long."""
"""The walk is pleasant."""," ""The walk is extremely pleasant."""
"""The scenery is beautiful."""," ""The scenery is very beautiful."""
"""The view is breathtaking."""," ""The view is extremely breathtaking."""
"""The sunset is colorful."""," ""The sunset is very colorful."""
"""The sunrise is spectacular."""," ""The sunrise is extremely spectacular."""
"""The sky is clear."""," ""The sky is very clear."""
"""The ocean is calm."""," ""The ocean is very calm."""
"""The beach is crowded."""," ""The beach is slightly crowded."""
"""The water is clear."""," ""The water is very clear."""
"""The sand is soft."""," ""The sand is very soft."""
"""The waves are high."""," ""The waves are extremely high."""
"""The sea is rough."""," ""The sea is slightly rough."""
"""The tide is high."""," ""The tide is very high."""
"""The current is strong."""," ""The current is extremely strong."""
"""The boat is fast."""," ""The boat is very fast."""
"""The ship is large."""," ""The ship is extremely large."""
"""The plane is fast."""," ""The plane is very fast."""
"""The car is slow."""," ""The car is slightly slow."""
"""The train is delayed."""," ""The train is slightly delayed."""
"""The bus is crowded."""," ""The bus is extremely crowded."""
"""The traffic is heavy."""," ""The traffic is very heavy."""
"""The journey is long."""," ""The journey is extremely long."""
"""The trip is expensive."""," ""The trip is slightly expensive."""
"""The hotel is luxurious."""," ""The hotel is extremely luxurious."""
"""The room is spacious."""," ""The room is very spacious."""
"""The bed is comfortable."""," ""The bed is extremely comfortable."""
"""The service is excellent."""," ""The service is very excellent."""
"""The food is bland."""," ""The food is slightly bland."""
"""The experience is unforgettable."""," ""The experience is very unforgettable."""
"""The flowers are fragrant."""," ""The flowers are incredibly fragrant."""
"""The air is fresh."""," ""The air is very fresh."""
"""The grass is green."""," ""The grass is extremely green."""
"""The leaves are dry."""," ""The leaves are slightly dry."""
"""The trees are tall."""," ""The trees are very tall."""
"""The branches are strong."""," ""The branches are extremely strong."""
"""The roots are deep."""," ""The roots are slightly deep."""
"""The soil is fertile."""," ""The soil is very fertile."""
"""The garden is beautiful."""," ""The garden is incredibly beautiful."""
"""The park is peaceful."""," ""The park is very peaceful."""
"""The forest is dense."""," ""The forest is extremely dense."""
"""The mountains are high."""," ""The mountains are slightly high."""
"""The hills are rolling."""," ""The hills are very rolling."""
"""The valley is lush."""," ""The valley is incredibly lush."""
"""The river is wide."""," ""The river is very wide."""
"""The stream is shallow."""," ""The stream is slightly shallow."""
"""The lake is calm."""," ""The lake is very calm."""
"""The ocean is vast."""," ""The ocean is extremely vast."""
"""The beach is sandy."""," ""The beach is slightly sandy."""
"""The sky is blue."""," ""The sky is very blue."""
"""The clouds are white."""," ""The clouds are extremely white."""
"""The sun is bright."""," ""The sun is very bright."""
"""The moon is full."""," ""The moon is extremely full."""
"""The stars are bright."""," ""The stars are very bright."""
"""The night is dark."""," ""The night is extremely dark."""
"""The day is long."""," ""The day is slightly long."""
"""The weather is pleasant."""," ""The weather is very pleasant."""
"""The climate is mild."""," ""The climate is extremely mild."""
"""The temperature is cool."""," ""The temperature is slightly cool."""
"""The air is clean."""," ""The air is very clean."""
"""The water is pure."""," ""The water is extremely pure."""
"""The land is fertile."""," ""The land is slightly fertile."""
"""The country is vast."""," ""The country is very vast."""
"""The city is crowded."""," ""The city is extremely crowded."""
"""The town is quiet."""," ""The town is slightly quiet."""
"""The village is small."""," ""The village is very small."""
"""The community is close-knit."""," ""The community is extremely close-knit."""
"""The people are friendly."""," ""The people are very friendly."""
"""The culture is rich."""," ""The culture is extremely rich."""
"""The history is long."""," ""The history is slightly long."""
"""The traditions are strong."""," ""The traditions are very strong."""
"""The customs are unique."""," ""The customs are extremely unique."""
"""The language is complex."""," ""The language is slightly complex."""
"""The dialect is distinct."""," ""The dialect is very distinct."""
"""The accent is strong."""," ""The accent is extremely strong."""
"""The music is lively."""," ""The music is very lively."""
"""The dance is energetic."""," ""The dance is extremely energetic."""
"""The food is spicy."""," ""The food is slightly spicy."""
"""The drinks are refreshing."""," ""The drinks are very refreshing."""
"""The art is beautiful."""," ""The art is extremely beautiful."""
"""The architecture is impressive."""," ""The architecture is very impressive."""
"""The design is elegant."""," ""The design is extremely elegant."""
"""The craftsmanship is superb."""," ""The craftsmanship is very superb."""
"""The quality is high."""," ""The quality is extremely high."""
"""The price is low."""," ""The price is slightly low."""
"""The value is great."""," ""The value is very great."""
"""The deal is good."""," ""The deal is extremely good."""
"""The offer is tempting."""," ""The offer is very tempting."""
"""The opportunity is rare."""," ""The opportunity is extremely rare."""
"""The challenge is difficult."""," ""The challenge is slightly difficult."""
"""The problem is solvable."""," ""The problem is very solvable."""
"""The solution is simple."""," ""The solution is extremely simple."""
"""The answer is clear."""," ""The answer is very clear."""
"""The explanation is concise."""," ""The explanation is extremely concise."""
"""The instructions are easy."""," ""The instructions are very easy."""
"""The task is manageable."""," ""The task is extremely manageable."""
"""The project is successful."""," ""The project is very successful."""
"""The outcome is positive."""," ""The outcome is extremely positive."""
"""The results are promising."""," ""The results are very promising."""
"""The future is bright."""," ""The future is extremely bright."""
"""The coffee is hot."""," ""The coffee is extremely hot."""
"""The tea is warm."""," ""The tea is slightly warm."""
"""The milk is cold."""," ""The milk is very cold."""
"""The soup is tasty."""," ""The soup is extremely tasty."""
"""The salad is fresh."""," ""The salad is very fresh."""
"""The bread is stale."""," ""The bread is slightly stale."""
"""The cheese is sharp."""," ""The cheese is extremely sharp."""
"""The meat is tender."""," ""The meat is very tender."""
"""The fish is dry."""," ""The fish is slightly dry."""
"""The vegetables are crunchy."""," ""The vegetables are extremely crunchy."""
"""The dessert is sweet."""," ""The dessert is very sweet."""
"""The cake is rich."""," ""The cake is extremely rich."""
"""The pie is tart."""," ""The pie is slightly tart."""
"""The cookies are chewy."""," ""The cookies are very chewy."""
"""The ice cream is creamy."""," ""The ice cream is extremely creamy."""
"""The chocolate is bitter."""," ""The chocolate is slightly bitter."""
"""The candy is sugary."""," ""The candy is very sugary."""
"""The drink is refreshing."""," ""The drink is extremely refreshing."""
"""The juice is fruity."""," ""The juice is very fruity."""
"""The wine is dry."""," ""The wine is slightly dry."""
"""The beer is cold."""," ""The beer is very cold."""
"""The music is loud."""," ""The music is extremely loud."""
"""The song is catchy."""," ""The song is very catchy."""
"""The movie is long."""," ""The movie is slightly long."""
"""The book is interesting."""," ""The book is very interesting."""
"""The story is exciting."""," ""The story is extremely exciting."""
"""The game is challenging."""," ""The game is very challenging."""
"""The puzzle is difficult."""," ""The puzzle is extremely difficult."""
"""The problem is easy."""," ""The problem is slightly easy."""
"""The solution is obvious."""," ""The solution is very obvious."""
"""The answer is correct."""," ""The answer is extremely correct."""
"""The result is unexpected."""," ""The result is very unexpected."""
"""The outcome is positive."""," ""The outcome is extremely positive."""
"""The impact is significant."""," ""The impact is very significant."""
"""The effect is minor."""," ""The effect is slightly minor."""
"""The change is gradual."""," ""The change is very gradual."""
"""The progress is rapid."""," ""The progress is extremely rapid."""
"""The improvement is noticeable."""," ""The improvement is very noticeable."""
"""The difference is subtle."""," ""The difference is slightly subtle."""
"""The similarity is striking."""," ""The similarity is very striking."""
"""The contrast is sharp."""," ""The contrast is extremely sharp."""
"""The relationship is complex."""," ""The relationship is very complex."""
"""The connection is weak."""," ""The connection is slightly weak."""
"""The interaction is strong."""," ""The interaction is extremely strong."""
"""The communication is clear."""," ""The communication is very clear."""
"""The message is concise."""," ""The message is extremely concise."""
"""The information is valuable."""," ""The information is very valuable."""
"""The data is reliable."""," ""The data is extremely reliable."""
"""The evidence is conclusive."""," ""The evidence is very conclusive."""
"""The argument is persuasive."""," ""The argument is extremely persuasive."""
"""The conclusion is sound."""," ""The conclusion is very sound."""
"""The decision is final."""," ""The decision is extremely final."""
"""The choice is difficult."""," ""The choice is slightly difficult."""
"""The option is appealing."""," ""The option is very appealing."""
"""The opportunity is promising."""," ""The opportunity is extremely promising."""
"""The risk is minimal."""," ""The risk is slightly minimal."""
"""The danger is real."""," ""The danger is very real."""
"""The threat is serious."""," ""The threat is extremely serious."""
"""The problem is urgent."""," ""The problem is very urgent."""
"""The situation is critical."""," ""The situation is extremely critical."""
"""The matter is important."""," ""The matter is very important."""
"""The issue is complicated."""," ""The issue is slightly complicated."""
"""The subject is interesting."""," ""The subject is very interesting."""
"""The topic is relevant."""," ""The topic is extremely relevant."""
"""The discussion is productive."""," ""The discussion is very productive."""
"""The meeting is efficient."""," ""The meeting is extremely efficient."""
"""The team is effective."""," ""The team is very effective."""
"""The work is excellent."""," ""The work is extremely excellent."""
"""The performance is impressive."""," ""The performance is very impressive."""
"""The result is satisfactory."""," ""The result is extremely satisfactory."""
"""The outcome is successful."""," ""The outcome is very successful."""
"""The project is complete."""," ""The project is finally complete."""
"""The task is finished."""," ""The task is nearly finished."""
"""The assignment is challenging."""," ""The assignment is extremely challenging."""
"""The deadline is approaching."""," ""The deadline is rapidly approaching."""
"""The meeting is productive."""," ""The meeting is incredibly productive."""
"""The presentation is clear."""," ""The presentation is remarkably clear."""
"""The report is concise."""," ""The report is very concise."""
"""The document is lengthy."""," ""The document is extremely lengthy."""
"""The email is brief."""," ""The email is quite brief."""
"""The message is important."""," ""The message is critically important."""
"""The information is useful."""," ""The information is incredibly useful."""
"""The data is accurate."""," ""The data is remarkably accurate."""
"""The analysis is thorough."""," ""The analysis is very thorough."""
"""The conclusion is valid."""," ""The conclusion is undeniably valid."""
"""The decision is wise."""," ""The decision is remarkably wise."""
"""The choice is difficult."""," ""The choice is incredibly difficult."""
"""The option is preferable."""," ""The option is slightly preferable."""
"""The alternative is better."""," ""The alternative is considerably better."""
"""The solution is optimal."""," ""The solution is nearly optimal."""
"""The answer is correct."""," ""The answer is perfectly correct."""
"""The response is timely."""," ""The response is very timely."""
"""The feedback is helpful."""," ""The feedback is incredibly helpful."""
"""The support is excellent."""," ""The support is remarkably excellent."""
"""The service is efficient."""," ""The service is very efficient."""
"""The system is reliable."""," ""The system is remarkably reliable."""
"""The process is streamlined."""," ""The process is very streamlined."""
"""The procedure is complicated."""," ""The procedure is extremely complicated."""
"""The technology is advanced."""," ""The technology is very advanced."""
"""The innovation is groundbreaking."""," ""The innovation is truly groundbreaking."""
"""The design is elegant."""," ""The design is remarkably elegant."""
"""The product is high-quality."""," ""The product is very high-quality."""
"""The item is defective."""," ""The item is slightly defective."""
"""The material is durable."""," ""The material is extremely durable."""
"""The construction is sturdy."""," ""The construction is very sturdy."""
"""The building is impressive."""," ""The building is remarkably impressive."""
"""The structure is stable."""," ""The structure is very stable."""
"""The foundation is weak."""," ""The foundation is slightly weak."""
"""The landscape is beautiful."""," ""The landscape is incredibly beautiful."""
"""The scenery is picturesque."""," ""The scenery is very picturesque."""
"""The view is stunning."""," ""The view is incredibly stunning."""
"""The weather is pleasant."""," ""The weather is very pleasant."""
"""The climate is temperate."""," ""The climate is remarkably temperate."""
"""The temperature is comfortable."""," ""The temperature is very comfortable."""
"""The air is clean."""," ""The air is remarkably clean."""
"""The water is pure."""," ""The water is very pure."""
"""The environment is pristine."""," ""The environment is remarkably pristine."""
"""The nature is unspoiled."""," ""The nature is very unspoiled."""
"""The wilderness is vast."""," ""The wilderness is extremely vast."""
"""The wildlife is abundant."""," ""The wildlife is very abundant."""
"""The animals are diverse."""," ""The animals are extremely diverse."""
"""The plants are vibrant."""," ""The plants are very vibrant."""
"""The ecosystem is fragile."""," ""The ecosystem is slightly fragile."""
"""The biodiversity is rich."""," ""The biodiversity is extremely rich."""
"""The conservation is crucial."""," ""The conservation is critically crucial."""
"""The preservation is important."""," ""The preservation is incredibly important."""
"""The protection is necessary."""," ""The protection is very necessary."""
"""The effort is commendable."""," ""The effort is extremely commendable."""
"""The action is effective."""," ""The action is very effective."""
"""The impact is positive."""," ""The impact is extremely positive."""
"""The result is measurable."""," ""The result is very measurable."""
"""The outcome is significant."""," ""The outcome is extremely significant."""
"""The achievement is remarkable."""," ""The achievement is very remarkable."""
"""The success is undeniable."""," ""The success is extremely undeniable."""
"""The victory is sweet."""," ""The victory is incredibly sweet."""
"""The celebration is joyous."""," ""The celebration is very joyous."""
"""The mood is festive."""," ""The mood is extremely festive."""
"""The atmosphere is lively."""," ""The atmosphere is very lively."""
"""The experience is memorable."""," ""The experience is extremely memorable."""
"""The journey was long."""," ""The journey was incredibly long."""
"""The trip was short."""," ""The trip was surprisingly short."""
"""The flight was smooth."""," ""The flight was remarkably smooth."""
"""The ride was bumpy."""," ""The ride was extremely bumpy."""
"""The drive was scenic."""," ""The drive was incredibly scenic."""
"""The walk was pleasant."""," ""The walk was very pleasant."""
"""The hike was strenuous."""," ""The hike was extremely strenuous."""
"""The climb was difficult."""," ""The climb was incredibly difficult."""
"""The descent was easy."""," ""The descent was surprisingly easy."""
"""The exploration was exciting."""," ""The exploration was incredibly exciting."""
"""The adventure was thrilling."""," ""The adventure was very thrilling."""
"""The experience was unforgettable."""," ""The experience was truly unforgettable."""
"""The vacation was relaxing."""," ""The vacation was incredibly relaxing."""
"""The holiday was short."""," ""The holiday was surprisingly short."""
"""The break was needed."""," ""The break was very much needed."""
"""The rest was restorative."""," ""The rest was incredibly restorative."""
"""The sleep was sound."""," ""The sleep was remarkably sound."""
"""The dream was vivid."""," ""The dream was extremely vivid."""
"""The nightmare was terrifying."""," ""The nightmare was incredibly terrifying."""
"""The day was sunny."""," ""The day was incredibly sunny."""
"""The night was dark."""," ""The night was extremely dark."""
"""The weather was perfect."""," ""The weather was remarkably perfect."""
"""The climate was harsh."""," ""The climate was extremely harsh."""
"""The temperature was mild."""," ""The temperature was very mild."""
"""The air was humid."""," ""The air was extremely humid."""
"""The wind was gentle."""," ""The wind was very gentle."""
"""The rain was heavy."""," ""The rain was extremely heavy."""
"""The snow was light."""," ""The snow was surprisingly light."""
"""The ice was slippery."""," ""The ice was incredibly slippery."""
"""The road was icy."""," ""The road was extremely icy."""
"""The path was muddy."""," ""The path was very muddy."""
"""The trail was rocky."""," ""The trail was extremely rocky."""
"""The landscape was barren."""," ""The landscape was remarkably barren."""
"""The scenery was breathtaking."""," ""The scenery was incredibly breathtaking."""
"""The view was spectacular."""," ""The view was very spectacular."""
"""The sunset was gorgeous."""," ""The sunset was incredibly gorgeous."""
"""The sunrise was stunning."""," ""The sunrise was very stunning."""
"""The stars were bright."""," ""The stars were extremely bright."""
"""The moon was full."""," ""The moon was very full."""
"""The sky was clear."""," ""The sky was remarkably clear."""
"""The ocean was calm."""," ""The ocean was very calm."""
"""The waves were high."""," ""The waves were extremely high."""
"""The beach was crowded."""," ""The beach was very crowded."""
"""The sand was soft."""," ""The sand was remarkably soft."""
"""The water was cool."""," ""The water was very cool."""
"""The current was strong."""," ""The current was extremely strong."""
"""The boat was fast."""," ""The boat was very fast."""
"""The ship was large."""," ""The ship was extremely large."""
"""The plane was delayed."""," ""The plane was slightly delayed."""
"""The train was on time."""," ""The train was remarkably on time."""
"""The bus was crowded."""," ""The bus was extremely crowded."""
"""The traffic was heavy."""," ""The traffic was very heavy."""
"""The parking was easy."""," ""The parking was surprisingly easy."""
"""The location was convenient."""," ""The location was very convenient."""
"""The accommodation was comfortable."""," ""The accommodation was remarkably comfortable."""
"""The hotel was luxurious."""," ""The hotel was extremely luxurious."""
"""The room was spacious."""," ""The room was very spacious."""
"""The service was excellent."""," ""The service was remarkably excellent."""
"""The food was delicious."""," ""The food was incredibly delicious."""
"""The meal was satisfying."""," ""The meal was very satisfying."""
"""The dinner was rushed."""," ""The dinner was slightly rushed."""
"""The conversation was lively."""," ""The conversation was very lively."""
"""The company was enjoyable."""," ""The company was incredibly enjoyable."""
"""The evening was memorable."""," ""The evening was very memorable."""
"""The night was peaceful."""," ""The night was remarkably peaceful."""
"""The sleep was restful."""," ""The sleep was very restful."""
"""The painting is beautiful."""," ""The painting is incredibly beautiful."""
"""The sculpture is impressive."""," ""The sculpture is very impressive."""
"""The photograph is striking."""," ""The photograph is extremely striking."""
"""The drawing is simple."""," ""The drawing is surprisingly simple."""
"""The sketch is detailed."""," ""The sketch is very detailed."""
"""The artwork is original."""," ""The artwork is remarkably original."""
"""The masterpiece is iconic."""," ""The masterpiece is truly iconic."""
"""The exhibit is fascinating."""," ""The exhibit is very fascinating."""
"""The museum is large."""," ""The museum is extremely large."""
"""The gallery is small."""," ""The gallery is surprisingly small."""
"""The art is expressive."""," ""The art is very expressive."""
"""The style is unique."""," ""The style is remarkably unique."""
"""The technique is masterful."""," ""The technique is very masterful."""
"""The colors are vibrant."""," ""The colors are extremely vibrant."""
"""The composition is balanced."""," ""The composition is very balanced."""
"""The subject is intriguing."""," ""The subject is extremely intriguing."""
"""The meaning is profound."""," ""The meaning is very profound."""
"""The impact is powerful."""," ""The impact is extremely powerful."""
"""The feeling is overwhelming."""," ""The feeling is very overwhelming."""
"""The emotion is subtle."""," ""The emotion is slightly subtle."""
"""The expression is clear."""," ""The expression is very clear."""
"""The message is strong."""," ""The message is extremely strong."""
"""The story is compelling."""," ""The story is very compelling."""
"""The narrative is complex."""," ""The narrative is extremely complex."""
"""The plot is simple."""," ""The plot is surprisingly simple."""
"""The characters are well-developed."""," ""The characters are very well-developed."""
"""The dialogue is engaging."""," ""The dialogue is extremely engaging."""
"""The setting is atmospheric."""," ""The setting is very atmospheric."""
"""The mood is mysterious."""," ""The mood is extremely mysterious."""
"""The tone is humorous."""," ""The tone is very humorous."""
"""The ending is satisfying."""," ""The ending is extremely satisfying."""
"""The resolution is unexpected."""," ""The resolution is very unexpected."""
"""The conclusion is ambiguous."""," ""The conclusion is slightly ambiguous."""
"""The theme is relevant."""," ""The theme is very relevant."""
"""The idea is innovative."""," ""The idea is extremely innovative."""
"""The concept is abstract."""," ""The concept is slightly abstract."""
"""The philosophy is profound."""," ""The philosophy is very profound."""
"""The argument is persuasive."""," ""The argument is extremely persuasive."""
"""The reasoning is logical."""," ""The reasoning is very logical."""
"""The evidence is compelling."""," ""The evidence is extremely compelling."""
"""The proof is sufficient."""," ""The proof is very sufficient."""
"""The explanation is clear."""," ""The explanation is extremely clear."""
"""The understanding is profound."""," ""The understanding is very profound."""
"""The knowledge is vast."""," ""The knowledge is extremely vast."""
"""The wisdom is ancient."""," ""The wisdom is very ancient."""
"""The insight is valuable."""," ""The insight is extremely valuable."""
"""The perspective is unique."""," ""The perspective is very unique."""
"""The point of view is interesting."""," ""The point of view is extremely interesting."""
"""The opinion is controversial."""," ""The opinion is very controversial."""
"""The belief is strong."""," ""The belief is extremely strong."""
"""The conviction is unwavering."""," ""The conviction is very unwavering."""
"""The faith is deep."""," ""The faith is extremely deep."""
"""The trust is absolute."""," ""The trust is very absolute."""
"""The confidence is high."""," ""The confidence is extremely high."""
"""The doubt is slight."""," ""The doubt is slightly slight."""
"""The uncertainty is palpable."""," ""The uncertainty is very palpable."""
"""The anxiety is intense."""," ""The anxiety is extremely intense."""
"""The fear is overwhelming."""," ""The fear is very overwhelming."""
"""The courage is immense."""," ""The courage is extremely immense."""
"""The bravery is remarkable."""," ""The bravery is very remarkable."""
"""The heroism is legendary."""," ""The heroism is truly legendary."""
"""The music was loud."""," ""The music was incredibly loud."""
"""The concert was amazing."""," ""The concert was truly amazing."""
"""The performance was captivating."""," ""The performance was very captivating."""
"""The show was disappointing."""," ""The show was slightly disappointing."""
"""The play was moving."""," ""The play was deeply moving."""
"""The movie was exciting."""," ""The movie was extremely exciting."""
"""The film was boring."""," ""The film was somewhat boring."""
"""The book was interesting."""," ""The book was very interesting."""
"""The story was captivating."""," ""The story was incredibly captivating."""
"""The game was challenging."""," ""The game was extremely challenging."""
"""The match was close."""," ""The match was incredibly close."""
"""The competition was fierce."""," ""The competition was very fierce."""
"""The race was exciting."""," ""The race was extremely exciting."""
"""The event was successful."""," ""The event was remarkably successful."""
"""The celebration was joyous."""," ""The celebration was very joyous."""
"""The party was fun."""," ""The party was incredibly fun."""
"""The gathering was small."""," ""The gathering was surprisingly small."""
"""The crowd was large."""," ""The crowd was extremely large."""
"""The audience was enthusiastic."""," ""The audience was very enthusiastic."""
"""The spectators were quiet."""," ""The spectators were surprisingly quiet."""
"""The fans were passionate."""," ""The fans were extremely passionate."""
"""The supporters were vocal."""," ""The supporters were very vocal."""
"""The team was strong."""," ""The team was incredibly strong."""
"""The players were skilled."""," ""The players were very skilled."""
"""The coach was experienced."""," ""The coach was extremely experienced."""
"""The strategy was effective."""," ""The strategy was very effective."""
"""The tactics were innovative."""," ""The tactics were extremely innovative."""
"""The effort was remarkable."""," ""The effort was very remarkable."""
"""The dedication was impressive."""," ""The dedication was extremely impressive."""
"""The commitment was unwavering."""," ""The commitment was very unwavering."""
"""The performance was outstanding."""," ""The performance was truly outstanding."""
"""The achievement was significant."""," ""The achievement was very significant."""
"""The victory was sweet."""," ""The victory was incredibly sweet."""
"""The defeat was bitter."""," ""The defeat was slightly bitter."""
"""The loss was disappointing."""," ""The loss was very disappointing."""
"""The setback was temporary."""," ""The setback was surprisingly temporary."""
"""The progress was slow."""," ""The progress was slightly slow."""
"""The development was rapid."""," ""The development was extremely rapid."""
"""The growth was substantial."""," ""The growth was very substantial."""
"""The improvement was noticeable."""," ""The improvement was extremely noticeable."""
"""The change was dramatic."""," ""The change was very dramatic."""
"""The transformation was complete."""," ""The transformation was remarkably complete."""
"""The evolution was gradual."""," ""The evolution was slightly gradual."""
"""The revolution was swift."""," ""The revolution was extremely swift."""
"""The innovation was revolutionary."""," ""The innovation was very revolutionary."""
"""The technology was advanced."""," ""The technology was extremely advanced."""
"""The system was efficient."""," ""The system was very efficient."""
"""The process was streamlined."""," ""The process was extremely streamlined."""
"""The method was effective."""," ""The method was very effective."""
"""The technique was precise."""," ""The technique was extremely precise."""
"""The result was expected."""," ""The result was somewhat expected."""
"""The outcome was unexpected."""," ""The outcome was very unexpected."""
"""The impact was significant."""," ""The impact was extremely significant."""
"""The consequence was severe."""," ""The consequence was very severe."""
"""The effect was minimal."""," ""The effect was slightly minimal."""
"""The influence was considerable."""," ""The influence was very considerable."""
"""The power was immense."""," ""The power was extremely immense."""
"""The authority was absolute."""," ""The authority was very absolute."""
"""The control was tight."""," ""The control was extremely tight."""
"""The freedom was limited."""," ""The freedom was slightly limited."""
"""The liberty was cherished."""," ""The liberty was very cherished."""
"""The independence was valued."""," ""The independence was extremely valued."""
"""The weather was cold."""," ""The weather was extremely cold."""
"""The day was sunny."""," ""The day was remarkably sunny."""
"""The night was dark."""," ""The night was very dark."""
"""The sky was clear."""," ""The sky was exceptionally clear."""
"""The air was fresh."""," ""The air was incredibly fresh."""
"""The wind was strong."""," ""The wind was extremely strong."""
"""The rain was light."""," ""The rain was surprisingly light."""
"""The snow was heavy."""," ""The snow was incredibly heavy."""
"""The storm was fierce."""," ""The storm was extremely fierce."""
"""The hurricane was devastating."""," ""The hurricane was incredibly devastating."""
"""The earthquake was powerful."""," ""The earthquake was extremely powerful."""
"""The tsunami was catastrophic."""," ""The tsunami was incredibly catastrophic."""
"""The volcano was erupting."""," ""The volcano was violently erupting."""
"""The lava was flowing."""," ""The lava was rapidly flowing."""
"""The ash was falling."""," ""The ash was heavily falling."""
"""The forest fire was raging."""," ""The forest fire was uncontrollably raging."""
"""The drought was severe."""," ""The drought was extremely severe."""
"""The flood was devastating."""," ""The flood was incredibly devastating."""
"""The landslide was massive."""," ""The landslide was extremely massive."""
"""The avalanche was dangerous."""," ""The avalanche was incredibly dangerous."""
"""The blizzard was intense."""," ""The blizzard was extremely intense."""
"""The ice storm was crippling."""," ""The ice storm was incredibly crippling."""
"""The heat wave was brutal."""," ""The heat wave was extremely brutal."""
"""The cold snap was unexpected."""," ""The cold snap was surprisingly unexpected."""
"""The temperature was mild."""," ""The temperature was remarkably mild."""
"""The humidity was high."""," ""The humidity was extremely high."""
"""The pressure was low."""," ""The pressure was surprisingly low."""
"""The forecast was accurate."""," ""The forecast was remarkably accurate."""
"""The prediction was wrong."""," ""The prediction was slightly wrong."""
"""The warning was timely."""," ""The warning was very timely."""
"""The alert was urgent."""," ""The alert was extremely urgent."""
"""The response was swift."""," ""The response was very swift."""
"""The rescue was successful."""," ""The rescue was remarkably successful."""
"""The recovery was slow."""," ""The recovery was surprisingly slow."""
"""The rebuilding was difficult."""," ""The rebuilding was extremely difficult."""
"""The reconstruction was expensive."""," ""The reconstruction was very expensive."""
"""The damage was extensive."""," ""The damage was extremely extensive."""
"""The destruction was complete."""," ""The destruction was remarkably complete."""
"""The loss was significant."""," ""The loss was very significant."""
"""The impact was profound."""," ""The impact was extremely profound."""
"""The consequence was severe."""," ""The consequence was very severe."""
"""The effect was lasting."""," ""The effect was very lasting."""
"""The change was noticeable."""," ""The change was extremely noticeable."""
"""The difference was subtle."""," ""The difference was slightly subtle."""
"""The variation was significant."""," ""The variation was very significant."""
"""The fluctuation was unpredictable."""," ""The fluctuation was extremely unpredictable."""
"""The stability was questionable."""," ""The stability was slightly questionable."""
"""The equilibrium was fragile."""," ""The equilibrium was very fragile."""
"""The balance was precarious."""," ""The balance was extremely precarious."""
"""The harmony was disrupted."""," ""The harmony was slightly disrupted."""
"""The peace was shattered."""," ""The peace was completely shattered."""
"""The tranquility was disturbed."""," ""The tranquility was very disturbed."""
"""The calm was deceptive."""," ""The calm was surprisingly deceptive."""
"""The silence was broken."""," ""The silence was abruptly broken."""
"""The quiet was profound."""," ""The quiet was very profound."""
"""The stillness was absolute."""," ""The stillness was remarkably absolute."""
"""The house is large."""," ""The house is incredibly large."""
"""The apartment is small."""," ""The apartment is surprisingly small."""
"""The room is spacious."""," ""The room is very spacious."""
"""The bedroom is cramped."""," ""The bedroom is extremely cramped."""
"""The kitchen is modern."""," ""The kitchen is very modern."""
"""The bathroom is old."""," ""The bathroom is quite old."""
"""The garden is beautiful."""," ""The garden is incredibly beautiful."""
"""The yard is small."""," ""The yard is surprisingly small."""
"""The view is stunning."""," ""The view is remarkably stunning."""
"""The location is convenient."""," ""The location is very convenient."""
"""The neighborhood is quiet."""," ""The neighborhood is remarkably quiet."""
"""The community is friendly."""," ""The community is very friendly."""
"""The city is bustling."""," ""The city is extremely bustling."""
"""The town is quiet."""," ""The town is surprisingly quiet."""
"""The village is peaceful."""," ""The village is very peaceful."""
"""The countryside is scenic."""," ""The countryside is incredibly scenic."""
"""The landscape is dramatic."""," ""The landscape is very dramatic."""
"""The scenery is breathtaking."""," ""The scenery is extremely breathtaking."""
"""The environment is pristine."""," ""The environment is remarkably pristine."""
"""The air is clean."""," ""The air is very clean."""
"""The water is pure."""," ""The water is exceptionally pure."""
"""The soil is fertile."""," ""The soil is very fertile."""
"""The land is barren."""," ""The land is extremely barren."""
"""The desert is vast."""," ""The desert is incredibly vast."""
"""The ocean is deep."""," ""The ocean is extremely deep."""
"""The beach is sandy."""," ""The beach is very sandy."""
"""The mountains are high."""," ""The mountains are extremely high."""
"""The hills are rolling."""," ""The hills are very rolling."""
"""The valley is lush."""," ""The valley is incredibly lush."""
"""The river is wide."""," ""The river is very wide."""
"""The lake is calm."""," ""The lake is remarkably calm."""
"""The forest is dense."""," ""The forest is extremely dense."""
"""The trees are tall."""," ""The trees are very tall."""
"""The plants are vibrant."""," ""The plants are extremely vibrant."""
"""The flowers are colorful."""," ""The flowers are very colorful."""
"""The animals are diverse."""," ""The animals are extremely diverse."""
"""The wildlife is abundant."""," ""The wildlife is very abundant."""
"""The birds are singing."""," ""The birds are sweetly singing."""
"""The insects are buzzing."""," ""The insects are loudly buzzing."""
"""The sounds are peaceful."""," ""The sounds are very peaceful."""
"""The silence is broken."""," ""The silence is suddenly broken."""
"""The quiet is profound."""," ""The quiet is very profound."""
"""The stillness is absolute."""," ""The stillness is remarkably absolute."""
"""The atmosphere is serene."""," ""The atmosphere is very serene."""
"""The mood is relaxed."""," ""The mood is extremely relaxed."""
"""The feeling is comfortable."""," ""The feeling is very comfortable."""
"""The experience is pleasant."""," ""The experience is extremely pleasant."""
"""The time is enjoyable."""," ""The time is very enjoyable."""
"""The moment is special."""," ""The moment is incredibly special."""
"""The memory is vivid."""," ""The memory is very vivid."""
"""The recollection is clear."""," ""The recollection is remarkably clear."""
"""The past is distant."""," ""The past is somewhat distant."""
"""The future is uncertain."""," ""The future is very uncertain."""
"""The present is precious."""," ""The present is incredibly precious."""
"""The life is beautiful."""," ""The life is remarkably beautiful."""
"""The existence is fleeting."""," ""The existence is somewhat fleeting."""
"""The journey is long."""," ""The journey is incredibly long."""
"""The destination is worthwhile."""," ""The destination is very worthwhile."""
"""The path is clear."""," ""The path is remarkably clear."""
"""The way is difficult."""," ""The way is extremely difficult."""
"""The food was delicious."""," ""The food was incredibly delicious."""
"""The meal was satisfying."""," ""The meal was very satisfying."""
"""The dessert was sweet."""," ""The dessert was extremely sweet."""
"""The coffee was bitter."""," ""The coffee was slightly bitter."""
"""The tea was strong."""," ""The tea was very strong."""
"""The wine was dry."""," ""The wine was remarkably dry."""
"""The beer was cold."""," ""The beer was very cold."""
"""The bread was stale."""," ""The bread was slightly stale."""
"""The cheese was sharp."""," ""The cheese was very sharp."""
"""The meat was tender."""," ""The meat was incredibly tender."""
"""The fish was fresh."""," ""The fish was remarkably fresh."""
"""The vegetables were crisp."""," ""The vegetables were very crisp."""
"""The salad was tasty."""," ""The salad was incredibly tasty."""
"""The soup was flavorful."""," ""The soup was very flavorful."""
"""The pasta was al dente."""," ""The pasta was perfectly al dente."""
"""The pizza was cheesy."""," ""The pizza was extremely cheesy."""
"""The sandwich was delicious."""," ""The sandwich was very delicious."""
"""The burger was juicy."""," ""The burger was incredibly juicy."""
"""The fries were crispy."""," ""The fries were very crispy."""
"""The milkshake was thick."""," ""The milkshake was extremely thick."""
"""The ice cream was cold."""," ""The ice cream was very cold."""
"""The cake was moist."""," ""The cake was incredibly moist."""
"""The pie was tart."""," ""The pie was slightly tart."""
"""The cookies were chewy."""," ""The cookies were very chewy."""
"""The chocolate was rich."""," ""The chocolate was incredibly rich."""
"""The candy was sugary."""," ""The candy was extremely sugary."""
"""The drink was refreshing."""," ""The drink was very refreshing."""
"""The juice was fruity."""," ""The juice was incredibly fruity."""
"""The fruit was ripe."""," ""The fruit was very ripe."""
"""The vegetables were fresh."""," ""The vegetables were remarkably fresh."""
"""The meal was filling."""," ""The meal was very filling."""
"""The portion was small."""," ""The portion was surprisingly small."""
"""The service was excellent."""," ""The service was remarkably excellent."""
"""The atmosphere was pleasant."""," ""The atmosphere was very pleasant."""
"""The restaurant was crowded."""," ""The restaurant was extremely crowded."""
"""The bill was expensive."""," ""The bill was surprisingly expensive."""
"""The experience was memorable."""," ""The experience was very memorable."""
"""The taste was unique."""," ""The taste was remarkably unique."""
"""The flavor was intense."""," ""The flavor was extremely intense."""
"""The aroma was pleasant."""," ""The aroma was very pleasant."""
"""The presentation was appealing."""," ""The presentation was very appealing."""
"""The ingredients were fresh."""," ""The ingredients were remarkably fresh."""
"""The recipe was simple."""," ""The recipe was surprisingly simple."""
"""The cooking was easy."""," ""The cooking was very easy."""
"""The baking was difficult."""," ""The baking was extremely difficult."""
"""The result was perfect."""," ""The result was remarkably perfect."""
"""The outcome was unexpected."""," ""The outcome was very unexpected."""
"""The success was sweet."""," ""The success was incredibly sweet."""
"""The failure was bitter."""," ""The failure was slightly bitter."""
"""The disappointment was profound."""," ""The disappointment was very profound."""
"""The frustration was immense."""," ""The frustration was extremely immense."""
"""The anger was justified."""," ""The anger was very justified."""
"""The happiness was contagious."""," ""The happiness was extremely contagious."""
"""The joy was overwhelming."""," ""The joy was very overwhelming."""
"""The satisfaction was complete."""," ""The satisfaction was remarkably complete."""
"""The contentment was deep."""," ""The contentment was very deep."""
"""The pleasure was immense."""," ""The pleasure was extremely immense."""
"""The delight was unexpected."""," ""The delight was very unexpected."""
"""The dog is friendly."""," ""The dog is incredibly friendly."""
"""The cat is aloof."""," ""The cat is remarkably aloof."""
"""The bird is small."""," ""The bird is surprisingly small."""
"""The fish is large."""," ""The fish is extremely large."""
"""The horse is strong."""," ""The horse is very strong."""
"""The rabbit is fast."""," ""The rabbit is incredibly fast."""
"""The monkey is playful."""," ""The monkey is very playful."""
"""The lion is majestic."""," ""The lion is extremely majestic."""
"""The tiger is fierce."""," ""The tiger is incredibly fierce."""
"""The bear is cuddly."""," ""The bear is surprisingly cuddly."""
"""The elephant is enormous."""," ""The elephant is extremely enormous."""
"""The giraffe is tall."""," ""The giraffe is very tall."""
"""The zebra is striped."""," ""The zebra is strikingly striped."""
"""The deer is graceful."""," ""The deer is remarkably graceful."""
"""The wolf is cunning."""," ""The wolf is very cunning."""
"""The fox is sly."""," ""The fox is extremely sly."""
"""The squirrel is quick."""," ""The squirrel is incredibly quick."""
"""The mouse is tiny."""," ""The mouse is surprisingly tiny."""
"""The rat is sneaky."""," ""The rat is extremely sneaky."""
"""The snake is slithery."""," ""The snake is very slithery."""
"""The lizard is scaly."""," ""The lizard is remarkably scaly."""
"""The turtle is slow."""," ""The turtle is surprisingly slow."""
"""The frog is slimy."""," ""The frog is very slimy."""
"""The toad is bumpy."""," ""The toad is remarkably bumpy."""
"""The insect is small."""," ""The insect is extremely small."""
"""The spider is hairy."""," ""The spider is very hairy."""
"""The butterfly is colorful."""," ""The butterfly is incredibly colorful."""
"""The bee is busy."""," ""The bee is remarkably busy."""
"""The ant is industrious."""," ""The ant is very industrious."""
"""The worm is wriggly."""," ""The worm is extremely wriggly."""
"""The fish is slippery."""," ""The fish is very slippery."""
"""The shark is dangerous."""," ""The shark is extremely dangerous."""
"""The whale is massive."""," ""The whale is very massive."""
"""The dolphin is playful."""," ""The dolphin is incredibly playful."""
"""The seal is cute."""," ""The seal is very cute."""
"""The penguin is clumsy."""," ""The penguin is surprisingly clumsy."""
"""The bear is hibernating."""," ""The bear is soundly hibernating."""
"""The lion is sleeping."""," ""The lion is deeply sleeping."""
"""The tiger is stalking."""," ""The tiger is stealthily stalking."""
"""The wolf is howling."""," ""The wolf is loudly howling."""
"""The bird is singing."""," ""The bird is beautifully singing."""
"""The cat is purring."""," ""The cat is contentedly purring."""
"""The dog is barking."""," ""The dog is excitedly barking."""
"""The animal is wild."""," ""The animal is very wild."""
"""The pet is tame."""," ""The pet is remarkably tame."""
"""The creature is exotic."""," ""The creature is extremely exotic."""
"""The species is endangered."""," ""The species is critically endangered."""
"""The habitat is threatened."""," ""The habitat is severely threatened."""
"""The ecosystem is fragile."""," ""The ecosystem is very fragile."""
"""The environment is polluted."""," ""The environment is extremely polluted."""
"""The air is clean."""," ""The air is remarkably clean."""
"""The water is pure."""," ""The water is very pure."""
"""The land is fertile."""," ""The land is extremely fertile."""
"""The nature is beautiful."""," ""The nature is incredibly beautiful."""
"""The wilderness is vast."""," ""The wilderness is extremely vast."""
"""The car is fast."""," ""The car is incredibly fast."""
"""The truck is slow."""," ""The truck is surprisingly slow."""
"""The bike is old."""," ""The bike is quite old."""
"""The motorcycle is new."""," ""The motorcycle is brand new."""
"""The plane is large."""," ""The plane is extremely large."""
"""The helicopter is small."""," ""The helicopter is surprisingly small."""
"""The boat is fast."""," ""The boat is very fast."""
"""The ship is slow."""," ""The ship is remarkably slow."""
"""The train is on time."""," ""The train is remarkably on time."""
"""The bus is delayed."""," ""The bus is significantly delayed."""
"""The taxi is expensive."""," ""The taxi is extremely expensive."""
"""The ride is cheap."""," ""The ride is surprisingly cheap."""
"""The journey is long."""," ""The journey is incredibly long."""
"""The trip is short."""," ""The trip is surprisingly short."""
"""The travel is easy."""," ""The travel is remarkably easy."""
"""The commute is difficult."""," ""The commute is extremely difficult."""
"""The traffic is heavy."""," ""The traffic is incredibly heavy."""
"""The road is clear."""," ""The road is remarkably clear."""
"""The path is muddy."""," ""The path is very muddy."""
"""The trail is rocky."""," ""The trail is extremely rocky."""
"""The destination is far."""," ""The destination is extremely far."""
"""The location is close."""," ""The location is surprisingly close."""
"""The place is beautiful."""," ""The place is incredibly beautiful."""
"""The scenery is stunning."""," ""The scenery is very stunning."""
"""The view is breathtaking."""," ""The view is extremely breathtaking."""
"""The landscape is dramatic."""," ""The landscape is very dramatic."""
"""The environment is pristine."""," ""The environment is remarkably pristine."""
"""The air is fresh."""," ""The air is very fresh."""
"""The water is clean."""," ""The water is remarkably clean."""
"""The beach is sandy."""," ""The beach is very sandy."""
"""The ocean is vast."""," ""The ocean is extremely vast."""
"""The sky is blue."""," ""The sky is remarkably blue."""
"""The clouds are white."""," ""The clouds are very white."""
"""The sun is bright."""," ""The sun is extremely bright."""
"""The moon is full."""," ""The moon is very full."""
"""The stars are visible."""," ""The stars are remarkably visible."""
"""The night is dark."""," ""The night is extremely dark."""
"""The day is sunny."""," ""The day is very sunny."""
"""The weather is pleasant."""," ""The weather is remarkably pleasant."""
"""The climate is mild."""," ""The climate is very mild."""
"""The temperature is comfortable."""," ""The temperature is remarkably comfortable."""
"""The humidity is high."""," ""The humidity is extremely high."""
"""The wind is gentle."""," ""The wind is very gentle."""
"""The rain is light."""," ""The rain is surprisingly light."""
"""The snow is heavy."""," ""The snow is extremely heavy."""
"""The ice is slippery."""," ""The ice is very slippery."""
"""The road is icy."""," ""The road is extremely icy."""
"""The driving is difficult."""," ""The driving is very difficult."""
"""The parking is easy."""," ""The parking is surprisingly easy."""
"""The navigation is simple."""," ""The navigation is remarkably simple."""
"""The journey is smooth."""," ""The journey is remarkably smooth."""
"""The trip is adventurous."""," ""The trip is very adventurous."""
"""The experience is unforgettable."""," ""The experience is truly unforgettable."""
"""The memory is vivid."""," ""The memory is very vivid."""
"""The feeling is strong."""," ""The feeling is extremely strong."""
"""The emotion is intense."""," ""The emotion is very intense."""
"""The impact is significant."""," ""The impact is extremely significant."""
"""The effect is minimal."""," ""The effect is slightly minimal."""
"""The result is positive."""," ""The result is very positive."""
"""The outcome is negative."""," ""The outcome is slightly negative."""
"""The child is happy."""," ""The child is extremely happy."""
"""The baby is crying."""," ""The baby is inconsolably crying."""
"""The toddler is playful."""," ""The toddler is very playful."""
"""The teenager is moody."""," ""The teenager is extremely moody."""
"""The adult is responsible."""," ""The adult is very responsible."""
"""The senior is wise."""," ""The senior is remarkably wise."""
"""The person is kind."""," ""The person is incredibly kind."""
"""The individual is helpful."""," ""The individual is very helpful."""
"""The friend is supportive."""," ""The friend is extremely supportive."""
"""The family is loving."""," ""The family is incredibly loving."""
"""The community is strong."""," ""The community is very strong."""
"""The society is diverse."""," ""The society is extremely diverse."""
"""The culture is rich."""," ""The culture is remarkably rich."""
"""The tradition is old."""," ""The tradition is very old."""
"""The custom is unique."""," ""The custom is remarkably unique."""
"""The language is complex."""," ""The language is extremely complex."""
"""The dialect is distinct."""," ""The dialect is very distinct."""
"""The accent is strong."""," ""The accent is extremely strong."""
"""The communication is clear."""," ""The communication is very clear."""
"""The understanding is mutual."""," ""The understanding is remarkably mutual."""
"""The agreement is unanimous."""," ""The agreement is very unanimous."""
"""The cooperation is excellent."""," ""The cooperation is extremely excellent."""
"""The teamwork is effective."""," ""The teamwork is very effective."""
"""The collaboration is productive."""," ""The collaboration is extremely productive."""
"""The interaction is positive."""," ""The interaction is very positive."""
"""The relationship is strong."""," ""The relationship is extremely strong."""
"""The connection is deep."""," ""The connection is very deep."""
"""The bond is unbreakable."""," ""The bond is remarkably unbreakable."""
"""The friendship is lasting."""," ""The friendship is very lasting."""
"""The love is unconditional."""," ""The love is remarkably unconditional."""
"""The affection is genuine."""," ""The affection is very genuine."""
"""The care is tender."""," ""The care is incredibly tender."""
"""The support is unwavering."""," ""The support is very unwavering."""
"""The empathy is profound."""," ""The empathy is extremely profound."""
"""The compassion is boundless."""," ""The compassion is very boundless."""
"""The kindness is appreciated."""," ""The kindness is deeply appreciated."""
"""The generosity is remarkable."""," ""The generosity is very remarkable."""
"""The altruism is inspiring."""," ""The altruism is extremely inspiring."""
"""The humanity is evident."""," ""The humanity is very evident."""
"""The dignity is respected."""," ""The dignity is deeply respected."""
"""The rights are protected."""," ""The rights are very protected."""
"""The freedoms are cherished."""," ""The freedoms are extremely cherished."""
"""The justice is served."""," ""The justice is remarkably served."""
"""The equality is ensured."""," ""The equality is very ensured."""
"""The peace is maintained."""," ""The peace is remarkably maintained."""
"""The harmony is preserved."""," ""The harmony is very preserved."""
"""The stability is threatened."""," ""The stability is severely threatened."""
"""The conflict is escalating."""," ""The conflict is rapidly escalating."""
"""The tension is high."""," ""The tension is extremely high."""
"""The violence is unacceptable."""," ""The violence is utterly unacceptable."""
"""The aggression is unwarranted."""," ""The aggression is extremely unwarranted."""
"""The hostility is palpable."""," ""The hostility is very palpable."""
"""The hatred is intense."""," ""The hatred is extremely intense."""
"""The anger is justified."""," ""The anger is very justified."""
"""The frustration is understandable."""," ""The frustration is completely understandable."""
"""The student is intelligent."""," ""The student is exceptionally intelligent."""
"""The teacher is patient."""," ""The teacher is very patient."""
"""The classroom is quiet."""," ""The classroom is surprisingly quiet."""
"""The lesson is difficult."""," ""The lesson is extremely difficult."""
"""The assignment is challenging."""," ""The assignment is very challenging."""
"""The homework is easy."""," ""The homework is surprisingly easy."""
"""The test is fair."""," ""The test is remarkably fair."""
"""The exam is difficult."""," ""The exam is extremely difficult."""
"""The grade is excellent."""," ""The grade is exceptionally excellent."""
"""The score is low."""," ""The score is surprisingly low."""
"""The result is disappointing."""," ""The result is slightly disappointing."""
"""The progress is steady."""," ""The progress is remarkably steady."""
"""The improvement is significant."""," ""The improvement is very significant."""
"""The learning is effective."""," ""The learning is extremely effective."""
"""The education is valuable."""," ""The education is very valuable."""
"""The knowledge is extensive."""," ""The knowledge is extremely extensive."""
"""The understanding is deep."""," ""The understanding is very deep."""
"""The skill is impressive."""," ""The skill is extremely impressive."""
"""The ability is remarkable."""," ""The ability is very remarkable."""
"""The talent is exceptional."""," ""The talent is extremely exceptional."""
"""The potential is unlimited."""," ""The potential is seemingly unlimited."""
"""The opportunity is rare."""," ""The opportunity is extremely rare."""
"""The challenge is worthwhile."""," ""The challenge is very worthwhile."""
"""The effort is commendable."""," ""The effort is extremely commendable."""
"""The dedication is impressive."""," ""The dedication is very impressive."""
"""The commitment is unwavering."""," ""The commitment is extremely unwavering."""
"""The perseverance is remarkable."""," ""The perseverance is very remarkable."""
"""The success is well-deserved."""," ""The success is richly deserved."""
"""The achievement is significant."""," ""The achievement is very significant."""
"""The accomplishment is outstanding."""," ""The accomplishment is truly outstanding."""
"""The contribution is valuable."""," ""The contribution is very valuable."""
"""The impact is profound."""," ""The impact is extremely profound."""
"""The influence is considerable."""," ""The influence is very considerable."""
"""The effect is minimal."""," ""The effect is slightly minimal."""
"""The result is positive."""," ""The result is very positive."""
"""The outcome is negative."""," ""The outcome is slightly negative."""
"""The feedback is helpful."""," ""The feedback is very helpful."""
"""The criticism is constructive."""," ""The criticism is very constructive."""
"""The advice is sound."""," ""The advice is remarkably sound."""
"""The guidance is excellent."""," ""The guidance is extremely excellent."""
"""The support is unwavering."""," ""The support is very unwavering."""
"""The encouragement is inspiring."""," ""The encouragement is extremely inspiring."""
"""The motivation is strong."""," ""The motivation is very strong."""
"""The enthusiasm is contagious."""," ""The enthusiasm is extremely contagious."""
"""The passion is evident."""," ""The passion is very evident."""
"""The interest is genuine."""," ""The interest is remarkably genuine."""
"""The curiosity is insatiable."""," ""The curiosity is very insatiable."""
"""The thirst for knowledge is immense."""," ""The thirst for knowledge is extremely immense."""
"""The desire to learn is strong."""," ""The desire to learn is very strong."""
"""The willingness to improve is remarkable."""," ""The willingness to improve is very remarkable."""
"""The commitment to education is impressive."""," ""The commitment to education is extremely impressive."""
"""The dedication to learning is unwavering."""," ""The dedication to learning is very unwavering."""
"""The city is big."""," ""The city is incredibly big."""
"""The town is small."""," ""The town is surprisingly small."""
"""The village is quiet."""," ""The village is remarkably quiet."""
"""The neighborhood is noisy."""," ""The neighborhood is extremely noisy."""
"""The street is busy."""," ""The street is very busy."""
"""The road is empty."""," ""The road is surprisingly empty."""
"""The park is peaceful."""," ""The park is very peaceful."""
"""The building is tall."""," ""The building is extremely tall."""
"""The house is old."""," ""The house is quite old."""
"""The apartment is new."""," ""The apartment is brand new."""
"""The room is spacious."""," ""The room is very spacious."""
"""The kitchen is small."""," ""The kitchen is surprisingly small."""
"""The bathroom is modern."""," ""The bathroom is very modern."""
"""The garden is beautiful."""," ""The garden is incredibly beautiful."""
"""The yard is messy."""," ""The yard is extremely messy."""
"""The view is stunning."""," ""The view is remarkably stunning."""
"""The location is convenient."""," ""The location is very convenient."""
"""The area is dangerous."""," ""The area is extremely dangerous."""
"""The community is friendly."""," ""The community is very friendly."""
"""The people are diverse."""," ""The people are extremely diverse."""
"""The culture is rich."""," ""The culture is remarkably rich."""
"""The history is long."""," ""The history is very long."""
"""The tradition is old."""," ""The tradition is remarkably old."""
"""The custom is unique."""," ""The custom is very unique."""
"""The language is complex."""," ""The language is extremely complex."""
"""The dialect is distinct."""," ""The dialect is very distinct."""
"""The accent is strong."""," ""The accent is extremely strong."""
"""The communication is clear."""," ""The communication is very clear."""
"""The understanding is mutual."""," ""The understanding is remarkably mutual."""
"""The agreement is unanimous."""," ""The agreement is very unanimous."""
"""The cooperation is excellent."""," ""The cooperation is extremely excellent."""
"""The teamwork is effective."""," ""The teamwork is very effective."""
"""The collaboration is productive."""," ""The collaboration is extremely productive."""
"""The interaction is positive."""," ""The interaction is very positive."""
"""The relationship is strong."""," ""The relationship is extremely strong."""
"""The connection is deep."""," ""The connection is very deep."""
"""The bond is unbreakable."""," ""The bond is remarkably unbreakable."""
"""The friendship is lasting."""," ""The friendship is very lasting."""
"""The love is unconditional."""," ""The love is remarkably unconditional."""
"""The affection is genuine."""," ""The affection is very genuine."""
"""The care is tender."""," ""The care is incredibly tender."""
"""The support is unwavering."""," ""The support is very unwavering."""
"""The empathy is profound."""," ""The empathy is extremely profound."""
"""The compassion is boundless."""," ""The compassion is very boundless."""
"""The kindness is appreciated."""," ""The kindness is deeply appreciated."""
"""The generosity is remarkable."""," ""The generosity is very remarkable."""
"""The altruism is inspiring."""," ""The altruism is extremely inspiring."""
"""The humanity is evident."""," ""The humanity is very evident."""
"""The dignity is respected."""," ""The dignity is deeply respected."""
"""The rights are protected."""," ""The rights are very protected."""
"""The freedoms are cherished."""," ""The freedoms are extremely cherished."""
"""The justice is served."""," ""The justice is remarkably served."""
"""The equality is ensured."""," ""The equality is very ensured."""
"""The peace is maintained."""," ""The peace is remarkably maintained."""
"""The harmony is preserved."""," ""The harmony is very preserved."""
"""The stability is threatened."""," ""The stability is severely threatened."""
"""The conflict is escalating."""," ""The conflict is rapidly escalating."""
"""The tension is high."""," ""The tension is extremely high."""
"""The problem is complex."""," ""The problem is extremely complex."""
"""The solution is simple."""," ""The solution is surprisingly simple."""
"""The answer is correct."""," ""The answer is perfectly correct."""
"""The question is difficult."""," ""The question is very difficult."""
"""The task is challenging."""," ""The task is extremely challenging."""
"""The assignment is easy."""," ""The assignment is surprisingly easy."""
"""The project is ambitious."""," ""The project is very ambitious."""
"""The goal is achievable."""," ""The goal is remarkably achievable."""
"""The objective is clear."""," ""The objective is very clear."""
"""The purpose is ambiguous."""," ""The purpose is slightly ambiguous."""
"""The meaning is profound."""," ""The meaning is very profound."""
"""The significance is minimal."""," ""The significance is surprisingly minimal."""
"""The impact is significant."""," ""The impact is extremely significant."""
"""The effect is negligible."""," ""The effect is surprisingly negligible."""
"""The result is positive."""," ""The result is very positive."""
"""The outcome is negative."""," ""The outcome is slightly negative."""
"""The consequence is severe."""," ""The consequence is extremely severe."""
"""The repercussion is minor."""," ""The repercussion is surprisingly minor."""
"""The reaction is immediate."""," ""The reaction is very immediate."""
"""The response is delayed."""," ""The response is significantly delayed."""
"""The feedback is helpful."""," ""The feedback is very helpful."""
"""The criticism is harsh."""," ""The criticism is extremely harsh."""
"""The advice is sound."""," ""The advice is remarkably sound."""
"""The guidance is excellent."""," ""The guidance is extremely excellent."""
"""The support is unwavering."""," ""The support is very unwavering."""
"""The encouragement is inspiring."""," ""The encouragement is extremely inspiring."""
"""The motivation is strong."""," ""The motivation is very strong."""
"""The enthusiasm is contagious."""," ""The enthusiasm is extremely contagious."""
"""The passion is evident."""," ""The passion is very evident."""
"""The interest is genuine."""," ""The interest is remarkably genuine."""
"""The curiosity is insatiable."""," ""The curiosity is very insatiable."""
"""The thirst for knowledge is immense."""," ""The thirst for knowledge is extremely immense."""
"""The desire to learn is strong."""," ""The desire to learn is very strong."""
"""The willingness to improve is remarkable."""," ""The willingness to improve is very remarkable."""
"""The commitment to success is impressive."""," ""The commitment to success is extremely impressive."""
"""The dedication to excellence is unwavering."""," ""The dedication to excellence is very unwavering."""
"""The pursuit of perfection is admirable."""," ""The pursuit of perfection is extremely admirable."""
"""The quest for knowledge is unending."""," ""The quest for knowledge is very unending."""
"""The search for truth is relentless."""," ""The search for truth is extremely relentless."""
"""The exploration of ideas is exciting."""," ""The exploration of ideas is very exciting."""
"""The discovery of knowledge is rewarding."""," ""The discovery of knowledge is extremely rewarding."""
"""The invention of new technologies is revolutionary."""," ""The invention of new technologies is very revolutionary."""
"""The innovation is groundbreaking."""," ""The innovation is extremely groundbreaking."""
"""The creativity is boundless."""," ""The creativity is very boundless."""
"""The imagination is vivid."""," ""The imagination is extremely vivid."""
"""The insight is profound."""," ""The insight is very profound."""
"""The understanding is comprehensive."""," ""The understanding is extremely comprehensive."""
"""The analysis is thorough."""," ""The analysis is very thorough."""
"""The interpretation is accurate."""," ""The interpretation is remarkably accurate."""
"""The conclusion is logical."""," ""The conclusion is very logical."""
"""The argument is persuasive."""," ""The argument is extremely persuasive."""
"""The reasoning is sound."""," ""The reasoning is very sound."""
"""The evidence is compelling."""," ""The evidence is extremely compelling."""
"""The proof is irrefutable."""," ""The proof is very irrefutable."""
