Sentence1,Sentence2
The dog bit the man.,The man was bitten by the dog.
The bird sang a song.,A song was sung by the bird.
The chef prepared the meal.,The meal was prepared by the chef.
The artist painted the portrait.,The portrait was painted by the artist.
The teacher graded the papers.,The papers were graded by the teacher.
The student wrote the essay.,The essay was written by the student.
The mechanic fixed the car.,The car was fixed by the mechanic.
The doctor examined the patient.,The patient was examined by the doctor.
The baker baked the bread.,The bread was baked by the baker.
The carpenter built the house.,The house was built by the carpenter.
The farmer planted the seeds.,The seeds were planted by the farmer.
The author wrote the book.,The book was written by the author.
The composer wrote the symphony.,The symphony was composed by the composer.
The singer sang the song.,The song was sung by the singer.
The dancer performed the routine.,The routine was performed by the dancer.
The musician played the instrument.,The instrument was played by the musician.
The team won the game.,The game was won by the team.
The player scored the goal.,The goal was scored by the player.
The company launched the product.,The product was launched by the company.
The scientist discovered the cure.,The cure was discovered by the scientist.
The inventor created the device.,The device was created by the inventor.
The programmer wrote the code.,The code was written by the programmer.
The engineer designed the bridge.,The bridge was designed by the engineer.
The architect designed the building.,The building was designed by the architect.
The lawyer argued the case.,The case was argued by the lawyer.
The judge ruled on the case.,The case was ruled on by the judge.
The jury delivered the verdict.,The verdict was delivered by the jury.
The police officer arrested the suspect.,The suspect was arrested by the police officer.
The thief stole the money.,The money was stolen by the thief.
The cat knocked over the vase.,The vase was knocked over by the cat.
The dog chased the squirrel.,The squirrel was chased by the dog.
The rain ruined the picnic.,The picnic was ruined by the rain.
The sun melted the snow.,The snow was melted by the sun.
The wind blew down the tree.,The tree was blown down by the wind.
The fire destroyed the house.,The house was destroyed by the fire.
The earthquake caused the damage.,The damage was caused by the earthquake.
The storm flooded the streets.,The streets were flooded by the storm.
The snow covered the ground.,The ground was covered by the snow.
The fog obscured the view.,The view was obscured by the fog.
The clouds hid the sun.,The sun was hidden by the clouds.
The stars twinkled in the night sky.,The night sky was twinkled in by the stars.
The moon illuminated the landscape.,The landscape was illuminated by the moon.
The river flowed to the sea.,The sea was flowed to by the river.
The birds flew south for the winter.,The south was flown to by the birds for the winter.
The leaves fell from the trees.,The trees were fallen from by the leaves.
The flowers bloomed in the spring.,The spring was bloomed in by the flowers.
The fruit ripened on the branches.,The branches were ripened on by the fruit.
The vegetables grew in the garden.,The garden was grown in by the vegetables.
The farmer harvested the crops.,The crops were harvested by the farmer.
The chef cooked the dinner.,The dinner was cooked by the chef.
The family ate the dinner.,The dinner was eaten by the family.
The children played in the park.,The park was played in by the children.
The dog fetched the ball.,The ball was fetched by the dog.
The cat sat on the mat.,The mat was sat on by the cat.
The bird built a nest.,A nest was built by the bird.
The bee made honey.,Honey was made by the bee.
The spider spun a web.,A web was spun by the spider.
The ant carried a crumb.,A crumb was carried by the ant.
The worm ate a leaf.,A leaf was eaten by the worm.
The fish swam in the lake.,The lake was swum in by the fish.
The frog leaped into the pond.,The pond was leaped into by the frog.
The turtle crawled across the ground.,The ground was crawled across by the turtle.
The snake slithered through the grass.,The grass was slithered through by the snake.
The lizard sunned itself on a rock.,A rock was sunned on by the lizard.
The mouse scurried into its hole.,Its hole was scurried into by the mouse.
The rat gnawed on the cheese.,The cheese was gnawed on by the rat.
The owl hunted for mice.,Mice were hunted for by the owl.
The fox chased the rabbit.,The rabbit was chased by the fox.
The wolf howled at the moon.,The moon was howled at by the wolf.
The bear hibernated in its cave.,Its cave was hibernated in by the bear.
The lion roared in the jungle.,The jungle was roared in by the lion.
The tiger stalked its prey.,Its prey was stalked by the tiger.
The elephant trumpeted loudly.,Loudly was trumpeted by the elephant.
The giraffe reached for the leaves.,The leaves were reached for by the giraffe.
The zebra ran across the savanna.,The savanna was run across by the zebra.
The monkey swung from the trees.,The trees were swung from by the monkey.
The parrot squawked loudly.,Loudly was squawked by the parrot.
The penguin waddled on the ice.,The ice was waddled on by the penguin.
The whale swam in the ocean.,The ocean was swum in by the whale.
The dolphin leaped out of the water.,The water was leaped out of by the dolphin.
The shark hunted for fish.,Fish were hunted for by the shark.
The octopus hid in its den.,Its den was hidden in by the octopus.
The crab scuttled across the beach.,The beach was scuttled across by the crab.
The starfish clung to a rock.,A rock was clung to by the starfish.
The seagull flew over the water.,The water was flown over by the seagull.
The eagle soared through the sky.,The sky was soared through by the eagle.
The hawk hunted for rabbits.,Rabbits were hunted for by the hawk.
The owl perched on a branch.,A branch was perched on by the owl.
The woodpecker pecked at a tree.,A tree was pecked at by the woodpecker.
The hummingbird hovered near a flower.,A flower was hovered near by the hummingbird.
The butterfly fluttered around the flowers.,The flowers were fluttered around by the butterfly.
The ant crawled on the ground.,The ground was crawled on by the ant.
The grasshopper hopped in the grass.,The grass was hopped in by the grasshopper.
The beetle flew to the light.,The light was flown to by the beetle.
The spider spun a web in the corner.,The corner was spun a web in by the spider.
The cat slept on the windowsill.,The windowsill was slept on by the cat.
The dog barked at the mailman.,The mailman was barked at by the dog.
The librarian shelved the books.,The books were shelved by the librarian.
The student read the book.,The book was read by the student.
The artist sketched the landscape.,The landscape was sketched by the artist.
The musician composed a melody.,A melody was composed by the musician.
The playwright wrote a play.,A play was written by the playwright.
The director filmed the movie.,The movie was filmed by the director.
The editor revised the manuscript.,The manuscript was revised by the editor.
The printer printed the document.,The document was printed by the printer.
The photographer took the picture.,The picture was taken by the photographer.
The sculptor carved the statue.,The statue was carved by the sculptor.
The potter shaped the clay.,The clay was shaped by the potter.
The weaver wove the tapestry.,The tapestry was woven by the weaver.
The tailor sewed the garment.,The garment was sewed by the tailor.
The chef seasoned the dish.,The dish was seasoned by the chef.
The baker frosted the cake.,The cake was frosted by the baker.
The waiter served the meal.,The meal was served by the waiter.
The customer ordered the food.,The food was ordered by the customer.
The cashier processed the transaction.,The transaction was processed by the cashier.
The salesperson sold the product.,The product was sold by the salesperson.
The manager hired the employee.,The employee was hired by the manager.
The boss fired the worker.,The worker was fired by the boss.
The teacher taught the lesson.,The lesson was taught by the teacher.
The doctor prescribed the medicine.,The medicine was prescribed by the doctor.
The nurse administered the injection.,The injection was administered by the nurse.
The pilot flew the airplane.,The airplane was flown by the pilot.
The mechanic repaired the engine.,The engine was repaired by the mechanic.
The electrician wired the house.,The house was wired by the electrician.
The plumber fixed the leak.,The leak was fixed by the plumber.
The carpenter framed the house.,The house was framed by the carpenter.
The painter painted the walls.,The walls were painted by the painter.
The landscaper trimmed the hedges.,The hedges were trimmed by the landscaper.
The gardener planted the flowers.,The flowers were planted by the gardener.
The architect designed the blueprint.,The blueprint was designed by the architect.
The contractor built the building.,The building was built by the contractor.
The engineer inspected the bridge.,The bridge was inspected by the engineer.
The scientist conducted the experiment.,The experiment was conducted by the scientist.
The researcher analyzed the data.,The data was analyzed by the researcher.
The programmer wrote the software.,The software was written by the programmer.
The technician repaired the computer.,The computer was repaired by the technician.
The secretary typed the letter.,The letter was typed by the secretary.
The lawyer reviewed the contract.,The contract was reviewed by the lawyer.
The judge made the ruling.,The ruling was made by the judge.
The jury reached a verdict.,A verdict was reached by the jury.
The police officer investigated the crime.,The crime was investigated by the police officer.
The detective solved the mystery.,The mystery was solved by the detective.
The thief escaped from prison.,Prison was escaped from by the thief.
The robber stole the jewelry.,The jewelry was stolen by the robber.
The burglar broke into the house.,The house was broken into by the burglar.
The vandal damaged the property.,The property was damaged by the vandal.
The arsonist set fire to the building.,The building was set fire to by the arsonist.
The kidnapper abducted the victim.,The victim was abducted by the kidnapper.
The murderer committed the crime.,The crime was committed by the murderer.
The witness testified in court.,The court was testified in by the witness.
The prosecutor presented the evidence.,The evidence was presented by the prosecutor.
The defendant pleaded not guilty.,Not guilty was pleaded by the defendant.
The lawyer cross-examined the witness.,The witness was cross-examined by the lawyer.
The jury deliberated the case.,The case was deliberated by the jury.
The judge sentenced the defendant.,The defendant was sentenced by the judge.
The warden managed the prison.,The prison was managed by the warden.
The guard secured the perimeter.,The perimeter was secured by the guard.
The prisoner escaped from jail.,Jail was escaped from by the prisoner.
The inmate served his sentence.,His sentence was served by the inmate.
The parole board granted parole.,Parole was granted by the parole board.
The probation officer supervised the offender.,The offender was supervised by the probation officer.
The social worker helped the family.,The family was helped by the social worker.
The counselor advised the client.,The client was advised by the counselor.
The therapist treated the patient.,The patient was treated by the therapist.
The doctor diagnosed the illness.,The illness was diagnosed by the doctor.
The nurse cared for the patient.,The patient was cared for by the nurse.
The pharmacist dispensed the medication.,The medication was dispensed by the pharmacist.
The technician performed the surgery.,The surgery was performed by the technician.
The surgeon operated on the patient.,The patient was operated on by the surgeon.
The anesthesiologist administered anesthesia.,Anesthesia was administered by the anesthesiologist.
The nurse monitored the patient's vital signs.,The patient's vital signs were monitored by the nurse.
The physical therapist rehabilitated the patient.,The patient was rehabilitated by the physical therapist.
The occupational therapist helped the patient regain skills.,The patient's skills were helped regained by the occupational therapist.
The speech therapist treated the patient's speech impediment.,The patient's speech impediment was treated by the speech therapist.
The nutritionist developed a meal plan.,A meal plan was developed by the nutritionist.
The dietician counseled the patient on diet.,The patient was counseled on diet by the dietician.
The athlete won the race.,The race was won by the athlete.
The team played the game.,The game was played by the team.
The coach trained the players.,The players were trained by the coach.
The referee officiated the match.,The match was officiated by the referee.
The umpire called the strike.,The strike was called by the umpire.
The crowd cheered the team.,The team was cheered by the crowd.
The fans supported their team.,Their team was supported by the fans.
The commentators described the game.,The game was described by the commentators.
The journalist wrote the article.,The article was written by the journalist.
The editor published the story.,The story was published by the editor.
The reader enjoyed the book.,The book was enjoyed by the reader.
The author received the award.,The award was received by the author.
The critic reviewed the movie.,The movie was reviewed by the critic.
The audience watched the performance.,The performance was watched by the audience.
The musician performed the concert.,The concert was performed by the musician.
The singer sang the ballad.,The ballad was sung by the singer.
The dancer executed the routine.,The routine was executed by the dancer.
The artist created the masterpiece.,The masterpiece was created by the artist.
The painter exhibited the artwork.,The artwork was exhibited by the painter.
The sculptor unveiled the sculpture.,The sculpture was unveiled by the sculptor.
The architect designed the building.,The building was designed by the architect.
The engineer built the bridge.,The bridge was built by the engineer.
The scientist conducted the research.,The research was conducted by the scientist.
The doctor treated the patient.,The patient was treated by the doctor.
The nurse cared for the patient.,The patient was cared for by the nurse.
The teacher taught the students.,The students were taught by the teacher.
The student learned the lesson.,The lesson was learned by the student.
The professor lectured the class.,The class was lectured by the professor.
The student wrote the exam.,The exam was written by the student.
The teacher graded the papers.,The papers were graded by the teacher.
The principal managed the school.,The school was managed by the principal.
The custodian cleaned the building.,The building was cleaned by the custodian.
The secretary organized the files.,The files were organized by the secretary.
The manager supervised the employees.,The employees were supervised by the manager.
The employee completed the task.,The task was completed by the employee.
The customer purchased the item.,The item was purchased by the customer.
The salesperson assisted the customer.,The customer was assisted by the salesperson.
The cashier processed the payment.,The payment was processed by the cashier.
The bank approved the loan.,The loan was approved by the bank.
The investor funded the project.,The project was funded by the investor.
The company developed the product.,The product was developed by the company.
The marketer promoted the product.,The product was promoted by the marketer.
The advertiser created the campaign.,The campaign was created by the advertiser.
The consumer bought the product.,The product was bought by the consumer.
The researcher studied the phenomenon.,The phenomenon was studied by the researcher.
The scientist discovered the theory.,The theory was discovered by the scientist.
The inventor patented the invention.,The invention was patented by the inventor.
The engineer designed the machine.,The machine was designed by the engineer.
The mechanic fixed the car.,The car was fixed by the mechanic.
The electrician installed the wiring.,The wiring was installed by the electrician.
The plumber fixed the pipes.,The pipes were fixed by the plumber.
The carpenter built the furniture.,The furniture was built by the carpenter.
The painter painted the house.,The house was painted by the painter.
The landscaper designed the garden.,The garden was designed by the landscaper.
The gardener planted the vegetables.,The vegetables were planted by the gardener.
The farmer harvested the crops.,The crops were harvested by the farmer.
The chef prepared the food.,The food was prepared by the chef.
The waiter served the drinks.,The drinks were served by the waiter.
The customer paid the bill.,The bill was paid by the customer.
The restaurant owner managed the business.,The business was managed by the restaurant owner.
The chef created the menu.,The menu was created by the chef.
The cook baked the bread.,The bread was baked by the cook.
The baker decorated the cake.,The cake was decorated by the baker.
The florist arranged the flowers.,The flowers were arranged by the florist.
The tailor altered the clothes.,The clothes were altered by the tailor.
The seamstress sewed the dress.,The dress was sewed by the seamstress.
The designer created the fashion.,The fashion was created by the designer.
The model wore the clothes.,The clothes were worn by the model.
The photographer took the photos.,The photos were taken by the photographer.
The artist painted the portrait.,The portrait was painted by the artist.
The musician played the music.,The music was played by the musician.
The singer sang the song.,The song was sung by the singer.
The dancer performed the dance.,The dance was performed by the dancer.
The comedian told jokes.,Jokes were told by the comedian.
The audience laughed at the jokes.,The jokes were laughed at by the audience.
The musician played a beautiful melody.,A beautiful melody was played by the musician.
The singer sang a soulful song.,A soulful song was sung by the singer.
The dancer performed a graceful routine.,A graceful routine was performed by the dancer.
The actor delivered a powerful monologue.,A powerful monologue was delivered by the actor.
The playwright wrote a compelling script.,A compelling script was written by the playwright.
The director staged a memorable play.,A memorable play was staged by the director.
The producer financed the film.,The film was financed by the producer.
The crew filmed the movie.,The movie was filmed by the crew.
The editor edited the footage.,The footage was edited by the editor.
The cinematographer shot the scenes.,The scenes were shot by the cinematographer.
The composer wrote the score.,The score was written by the composer.
The sound designer created the soundscape.,The soundscape was created by the sound designer.
The special effects team created the visual effects.,The visual effects were created by the special effects team.
The costume designer designed the costumes.,The costumes were designed by the costume designer.
The makeup artist applied the makeup.,The makeup was applied by the makeup artist.
The hairstylist styled the hair.,The hair was styled by the hairstylist.
The set designer created the set.,The set was created by the set designer.
The lighting designer designed the lighting.,The lighting was designed by the lighting designer.
The screenwriter wrote the screenplay.,The screenplay was written by the screenwriter.
The director directed the movie.,The movie was directed by the director.
The actors acted in the film.,The film was acted in by the actors.
The actresses played the roles.,The roles were played by the actresses.
The stunt performers performed the stunts.,The stunts were performed by the stunt performers.
The editors assembled the film.,The film was assembled by the editors.
The distributors released the movie.,The movie was released by the distributors.
The critics reviewed the film.,The film was reviewed by the critics.
The audiences watched the movie.,The movie was watched by the audiences.
The fans loved the movie.,The movie was loved by the fans.
The viewers enjoyed the show.,The show was enjoyed by the viewers.
The listeners heard the music.,The music was heard by the listeners.
The readers read the book.,The book was read by the readers.
The students studied the topic.,The topic was studied by the students.
The teachers taught the course.,The course was taught by the teachers.
The professors lectured the class.,The class was lectured by the professors.
The researchers conducted the experiment.,The experiment was conducted by the researchers.
The scientists analyzed the data.,The data was analyzed by the scientists.
The engineers designed the system.,The system was designed by the engineers.
The technicians repaired the equipment.,The equipment was repaired by the technicians.
The mechanics fixed the machines.,The machines were fixed by the mechanics.
The electricians wired the building.,The building was wired by the electricians.
The plumbers installed the pipes.,The pipes were installed by the plumbers.
The carpenters built the house.,The house was built by the carpenters.
The painters painted the walls.,The walls were painted by the painters.
The decorators decorated the room.,The room was decorated by the decorators.
The landscapers designed the garden.,The garden was designed by the landscapers.
The gardeners planted the flowers.,The flowers were planted by the gardeners.
The farmers grew the crops.,The crops were grown by the farmers.
The chefs prepared the meals.,The meals were prepared by the chefs.
The waiters served the customers.,The customers were served by the waiters.
The cashiers processed the transactions.,The transactions were processed by the cashiers.
The managers supervised the employees.,The employees were supervised by the managers.
The workers completed the projects.,The projects were completed by the workers.
The clients received the services.,The services were received by the clients.
The patients received the treatment.,The treatment was received by the patients.
The doctors provided the care.,The care was provided by the doctors.
The nurses assisted the patients.,The patients were assisted by the nurses.
The therapists helped the patients.,The patients were helped by the therapists.
The counselors advised the clients.,The clients were advised by the counselors.
The lawyers represented their clients.,Their clients were represented by the lawyers.
The judges presided over the cases.,The cases were presided over by the judges.
The juries deliberated the verdicts.,The verdicts were deliberated by the juries.
The witnesses testified in court.,The court was testified in by the witnesses.
The police investigated the crime.,The crime was investigated by the police.
The detectives solved the mystery.,The mystery was solved by the detectives.
The criminals committed the crime.,The crime was committed by the criminals.
The victims suffered from the crime.,The crime was suffered from by the victims.
The community supported the victims.,The victims were supported by the community.
The government implemented the policy.,The policy was implemented by the government.
The president signed the bill.,The bill was signed by the president.
The congress passed the legislation.,The legislation was passed by the congress.
The senate approved the amendment.,The amendment was approved by the senate.
The house debated the issue.,The issue was debated by the house.
The committee reviewed the proposal.,The proposal was reviewed by the committee.
The agency enforced the regulations.,The regulations were enforced by the agency.
The department managed the program.,The program was managed by the department.
The organization conducted the study.,The study was conducted by the organization.
The researchers analyzed the results.,The results were analyzed by the researchers.
The scientists published their findings.,Their findings were published by the scientists.
The experts reviewed the report.,The report was reviewed by the experts.
The journalists reported the news.,The news was reported by the journalists.
The editors edited the articles.,The articles were edited by the editors.
The publishers printed the books.,The books were printed by the publishers.
The authors wrote the chapters.,The chapters were written by the authors.
The readers enjoyed the stories.,The stories were enjoyed by the readers.
The students learned the material.,The material was learned by the students.
The teachers taught the lessons.,The lessons were taught by the teachers.
The professors graded the assignments.,The assignments were graded by the professors.
The administrators managed the school.,The school was managed by the administrators.
The staff supported the students.,The students were supported by the staff.
The parents helped their children.,Their children were helped by the parents.
The families celebrated the holidays.,The holidays were celebrated by the families.
The friends enjoyed the time together.,The time together was enjoyed by the friends.
The neighbors helped each other.,Each other were helped by the neighbors.
The community supported the local businesses.,The local businesses were supported by the community.
The city council approved the budget.,The budget was approved by the city council.
The mayor signed the ordinance.,The ordinance was signed by the mayor.
The police officers enforced the law.,The law was enforced by the police officers.
The firefighters extinguished the fire.,The fire was extinguished by the firefighters.
The paramedics treated the injured.,The injured were treated by the paramedics.
The doctors saved the lives.,The lives were saved by the doctors.
The nurses cared for the patients.,The patients were cared for by the nurses.
The hospitals provided the medical care.,The medical care was provided by the hospitals.
The insurance companies paid the bills.,The bills were paid by the insurance companies.
The lawyers represented their clients.,Their clients were represented by the lawyers.
The judges ruled on the cases.,The cases were ruled on by the judges.
The juries delivered the verdicts.,The verdicts were delivered by the juries.
The witnesses provided the testimony.,The testimony was provided by the witnesses.
The defendants pleaded their cases.,Their cases were pleaded by the defendants.
The prosecutors presented the evidence.,The evidence was presented by the prosecutors.
The defense attorneys defended their clients.,Their clients were defended by the defense attorneys.
The bailiffs maintained order in the courtroom.,The order in the courtroom was maintained by the bailiffs.
The clerks handled the paperwork.,The paperwork was handled by the clerks.
The secretaries organized the files.,The files were organized by the secretaries.
The receptionists greeted the visitors.,The visitors were greeted by the receptionists.
The janitors cleaned the offices.,The offices were cleaned by the janitors.
The security guards protected the building.,The building was protected by the security guards.
The maintenance workers repaired the equipment.,The equipment was repaired by the maintenance workers.
The IT staff supported the technology.,The technology was supported by the IT staff.
The human resources department managed the employees.,The employees were managed by the human resources department.
The marketing team promoted the products.,The products were promoted by the marketing team.
The sales team sold the goods.,The goods were sold by the sales team.
The customers purchased the items.,The items were purchased by the customers.
The delivery drivers delivered the packages.,The packages were delivered by the delivery drivers.
The shipping companies transported the goods.,The goods were transported by the shipping companies.
The warehouse workers stored the inventory.,The inventory was stored by the warehouse workers.
The logistics team managed the supply chain.,The supply chain was managed by the logistics team.
The manufacturing plant produced the products.,The products were produced by the manufacturing plant.
The factory workers assembled the parts.,The parts were assembled by the factory workers.
The engineers designed the machinery.,The machinery was designed by the engineers.
The technicians maintained the equipment.,The equipment was maintained by the technicians.
The supervisors oversaw the workers.,The workers were overseen by the supervisors.
The managers directed the teams.,The teams were directed by the managers.
The executives made the decisions.,The decisions were made by the executives.
The board approved the plan.,The plan was approved by the board.
The shareholders owned the company.,The company was owned by the shareholders.
The investors funded the venture.,The venture was funded by the investors.
The artist sculpted the clay.,The clay was sculpted by the artist.
The musician played the instrument.,The instrument was played by the musician.
The singer sang a beautiful song.,A beautiful song was sung by the singer.
The dancer performed a graceful dance.,A graceful dance was performed by the dancer.
The actor portrayed the character.,The character was portrayed by the actor.
The writer crafted a compelling story.,A compelling story was crafted by the writer.
The director filmed the scene.,The scene was filmed by the director.
The editor reviewed the manuscript.,The manuscript was reviewed by the editor.
The publisher printed the book.,The book was printed by the publisher.
The reader devoured the novel.,The novel was devoured by the reader.
The critic praised the performance.,The performance was praised by the critic.
The audience applauded the actors.,The actors were applauded by the audience.
The team won the championship.,The championship was won by the team.
The player scored the winning goal.,The winning goal was scored by the player.
The coach trained the athletes.,The athletes were trained by the coach.
The referee called a foul.,A foul was called by the referee.
The fans cheered loudly.,Loudly was cheered by the fans.
The crowd roared with excitement.,Excitement was roared with by the crowd.
The commentators described the game.,The game was described by the commentators.
The journalist reported the news.,The news was reported by the journalist.
The photographer captured the moment.,The moment was captured by the photographer.
The painter created a stunning masterpiece.,A stunning masterpiece was created by the painter.
The architect designed a modern building.,A modern building was designed by the architect.
The engineer constructed a sturdy bridge.,A sturdy bridge was constructed by the engineer.
The scientist conducted extensive research.,Extensive research was conducted by the scientist.
The doctor examined the patient.,The patient was examined by the doctor.
The nurse administered the medication.,The medication was administered by the nurse.
The teacher educated the students.,The students were educated by the teacher.
The student completed the assignment.,The assignment was completed by the student.
The professor lectured the class.,The class was lectured by the professor.
The principal managed the school.,The school was managed by the principal.
The secretary organized the files.,The files were organized by the secretary.
The manager supervised the employees.,The employees were supervised by the manager.
The employee finished the project.,The project was finished by the employee.
The customer bought the product.,The product was bought by the customer.
The salesperson sold the item.,The item was sold by the salesperson.
The cashier processed the transaction.,The transaction was processed by the cashier.
The bank approved the loan.,The loan was approved by the bank.
The investor funded the startup.,The startup was funded by the investor.
The company launched a new product.,A new product was launched by the company.
The marketer promoted the campaign.,The campaign was promoted by the marketer.
The advertiser created the commercial.,The commercial was created by the advertiser.
The consumer purchased the goods.,The goods were purchased by the consumer.
The researcher analyzed the data.,The data was analyzed by the researcher.
The scientist discovered a new element.,A new element was discovered by the scientist.
The inventor patented the invention.,The invention was patented by the inventor.
The engineer designed a new machine.,A new machine was designed by the engineer.
The mechanic repaired the vehicle.,The vehicle was repaired by the mechanic.
The electrician installed the wiring.,The wiring was installed by the electrician.
The plumber fixed the leak.,The leak was fixed by the plumber.
The carpenter built the furniture.,The furniture was built by the carpenter.
The painter painted the mural.,The mural was painted by the painter.
The landscaper designed the garden.,The garden was designed by the landscaper.
The gardener planted the seeds.,The seeds were planted by the gardener.
The farmer harvested the crops.,The crops were harvested by the farmer.
The chef prepared a delicious meal.,A delicious meal was prepared by the chef.
The waiter served the customers.,The customers were served by the waiter.
The cashier counted the money.,The money was counted by the cashier.
The manager reviewed the reports.,The reports were reviewed by the manager.
The employee completed the tasks.,The tasks were completed by the employee.
The client received the service.,The service was received by the client.
The patient underwent the surgery.,The surgery was undergone by the patient.
The doctor performed the operation.,The operation was performed by the doctor.
The nurse monitored the patient.,The patient was monitored by the nurse.
The therapist treated the patient.,The patient was treated by the therapist.
The counselor helped the client.,The client was helped by the counselor.
The lawyer represented the defendant.,The defendant was represented by the lawyer.
The judge sentenced the criminal.,The criminal was sentenced by the judge.
The jury reached a verdict.,A verdict was reached by the jury.
The witness testified in court.,The court was testified in by the witness.
The police investigated the accident.,The accident was investigated by the police.
The detective solved the case.,The case was solved by the detective.
The thief stole the jewelry.,The jewelry was stolen by the thief.
The robber robbed the bank.,The bank was robbed by the robber.
The burglar broke into the house.,The house was broken into by the burglar.
The vandal damaged the property.,The property was damaged by the vandal.
The arsonist set fire to the building.,The building was set on fire by the arsonist.
The kidnapper abducted the child.,The child was abducted by the kidnapper.
The murderer committed the crime.,The crime was committed by the murderer.
The witness saw the accident.,The accident was seen by the witness.
The victim reported the crime.,The crime was reported by the victim.
The lawyer defended the client.,The client was defended by the lawyer.
The judge ruled on the case.,The case was ruled on by the judge.
The jury deliberated the verdict.,The verdict was deliberated by the jury.
The prosecutor presented the evidence.,The evidence was presented by the prosecutor.
The defendant pleaded not guilty.,Not guilty was pleaded by the defendant.
The bailiff maintained order.,Order was maintained by the bailiff.
The clerk filed the documents.,The documents were filed by the clerk.
The secretary typed the letter.,The letter was typed by the secretary.
The manager hired the employee.,The employee was hired by the manager.
The employee completed the work.,The work was completed by the employee.
The customer paid the bill.,The bill was paid by the customer.
The waiter served the food.,The food was served by the waiter.
The chef prepared the meal.,The meal was prepared by the chef.
The baker baked the bread.,The bread was baked by the baker.
The musician composed the symphony.,The symphony was composed by the musician.
The artist painted the portrait.,The portrait was painted by the artist.
The writer wrote the novel.,The novel was written by the writer.
The editor edited the manuscript.,The manuscript was edited by the editor.
The publisher published the book.,The book was published by the publisher.
The reader enjoyed the story.,The story was enjoyed by the reader.
The critic reviewed the movie.,The movie was reviewed by the critic.
The audience watched the play.,The play was watched by the audience.
The team played the game.,The game was played by the team.
The player scored the points.,The points were scored by the player.
The coach coached the team.,The team was coached by the coach.
The referee called the game.,The game was called by the referee.
The fans supported the team.,The team was supported by the fans.
The commentators analyzed the game.,The game was analyzed by the commentators.
The journalist wrote the article.,The article was written by the journalist.
The photographer took the picture.,The picture was taken by the photographer.
The sculptor carved the statue.,The statue was carved by the sculptor.
The architect designed the building.,The building was designed by the architect.
The engineer built the bridge.,The bridge was built by the engineer.
The scientist conducted the experiment.,The experiment was conducted by the scientist.
The doctor treated the patient.,The patient was treated by the doctor.
The nurse cared for the patient.,The patient was cared for by the nurse.
The teacher taught the lesson.,The lesson was taught by the teacher.
The student learned the material.,The material was learned by the student.
The professor lectured the class.,The class was lectured by the professor.
The principal ran the school.,The school was run by the principal.
The secretary answered the phone.,The phone was answered by the secretary.
The manager delegated the tasks.,The tasks were delegated by the manager.
The employee finished the project.,The project was finished by the employee.
The customer ordered the food.,The food was ordered by the customer.
The waiter delivered the food.,The food was delivered by the waiter.
The chef created the recipe.,The recipe was created by the chef.
The baker made the cake.,The cake was made by the baker.
The musician performed the concert.,The concert was performed by the musician.
The singer recorded the album.,The album was recorded by the singer.
The dancer choreographed the routine.,The routine was choreographed by the dancer.
The actor memorized the lines.,The lines were memorized by the actor.
The writer developed the characters.,The characters were developed by the writer.
The director filmed the movie.,The movie was filmed by the director.
The editor edited the film.,The film was edited by the editor.
The producer financed the film.,The film was financed by the producer.
The audience enjoyed the movie.,The movie was enjoyed by the audience.
The critic reviewed the film.,The film was reviewed by the critic.
The pilot flew the airplane.,The airplane was flown by the pilot.
The mechanic repaired the engine.,The engine was repaired by the mechanic.
The electrician wired the house.,The house was wired by the electrician.
The plumber fixed the pipes.,The pipes were fixed by the plumber.
The carpenter built the cabinet.,The cabinet was built by the carpenter.
The painter painted the room.,The room was painted by the painter.
The landscaper trimmed the hedges.,The hedges were trimmed by the landscaper.
The gardener planted the flowers.,The flowers were planted by the gardener.
The farmer harvested the corn.,The corn was harvested by the farmer.
The chef cooked the dinner.,The dinner was cooked by the chef.
The waiter served the drinks.,The drinks were served by the waiter.
The cashier processed the payment.,The payment was processed by the cashier.
The salesperson sold the car.,The car was sold by the salesperson.
The manager hired the new employee.,The new employee was hired by the manager.
The employee completed the report.,The report was completed by the employee.
The customer returned the item.,The item was returned by the customer.
The delivery driver delivered the package.,The package was delivered by the delivery driver.
The shipper sent the parcel.,The parcel was sent by the shipper.
The receiver opened the package.,The package was opened by the receiver.
The sender mailed the letter.,The letter was mailed by the sender.
The recipient received the letter.,The letter was received by the recipient.
The writer wrote the email.,The email was written by the writer.
The reader read the email.,The email was read by the reader.
The sender sent the message.,The message was sent by the sender.
The recipient received the message.,The message was received by the recipient.
The programmer wrote the code.,The code was written by the programmer.
The developer built the website.,The website was built by the developer.
The designer created the logo.,The logo was created by the designer.
The marketer promoted the product.,The product was promoted by the marketer.
The advertiser created the campaign.,The campaign was created by the advertiser.
The consumer bought the product.,The product was bought by the consumer.
The researcher conducted the study.,The study was conducted by the researcher.
The scientist made the discovery.,The discovery was made by the scientist.
The inventor patented the invention.,The invention was patented by the inventor.
The engineer designed the system.,The system was designed by the engineer.
The technician fixed the computer.,The computer was fixed by the technician.
The mechanic fixed the car.,The car was fixed by the mechanic.
The doctor examined the patient.,The patient was examined by the doctor.
The nurse gave the injection.,The injection was given by the nurse.
The teacher taught the class.,The class was taught by the teacher.
The student answered the question.,The question was answered by the student.
The professor lectured the students.,The students were lectured by the professor.
The principal approved the request.,The request was approved by the principal.
The secretary scheduled the meeting.,The meeting was scheduled by the secretary.
The manager approved the budget.,The budget was approved by the manager.
The employee submitted the proposal.,The proposal was submitted by the employee.
The client signed the contract.,The contract was signed by the client.
The lawyer reviewed the contract.,The contract was reviewed by the lawyer.
The judge heard the case.,The case was heard by the judge.
The jury found the defendant guilty.,The defendant was found guilty by the jury.
The witness testified at the trial.,The trial was testified at by the witness.
The police arrested the suspect.,The suspect was arrested by the police.
The detective questioned the witness.,The witness was questioned by the detective.
The thief escaped from prison.,Prison was escaped from by the thief.
The robber hid the money.,The money was hidden by the robber.
The burglar entered the house.,The house was entered by the burglar.
The vandal defaced the monument.,The monument was defaced by the vandal.
The arsonist ignited the fire.,The fire was ignited by the arsonist.
The kidnapper released the hostage.,The hostage was released by the kidnapper.
The murderer confessed to the crime.,The crime was confessed to by the murderer.
The victim identified the suspect.,The suspect was identified by the victim.
The lawyer presented the evidence.,The evidence was presented by the lawyer.
The judge ruled in favor of the plaintiff.,The plaintiff was ruled in favor of by the judge.
The jury reached a unanimous verdict.,A unanimous verdict was reached by the jury.
The witness gave testimony.,Testimony was given by the witness.
The lawyer questioned the witness.,The witness was questioned by the lawyer.
The judge dismissed the case.,The case was dismissed by the judge.
The jury delivered a verdict.,A verdict was delivered by the jury.
The defendant received a sentence.,A sentence was received by the defendant.
The police investigated the crime.,The crime was investigated by the police.
The detective solved the mystery.,The mystery was solved by the detective.
The thief was apprehended by the police.,The police apprehended the thief.
The robber was caught by the security guard.,The security guard caught the robber.
The burglar was arrested.,The burglar was arrested.
The vandal was identified by a witness.,A witness identified the vandal.
The arsonist was convicted.,The arsonist was convicted.
The kidnapper was apprehended.,The kidnapper was apprehended.
The murderer was sentenced to life imprisonment.,Life imprisonment was sentenced to the murderer.
The victim received compensation.,Compensation was received by the victim.
The insurance company paid the claim.,The claim was paid by the insurance company.
The company settled the lawsuit.,The lawsuit was settled by the company.
The lawyer negotiated the settlement.,The settlement was negotiated by the lawyer.
The mediator resolved the dispute.,The dispute was resolved by the mediator.
The arbitrator made a decision.,A decision was made by the arbitrator.
The judge issued a ruling.,A ruling was issued by the judge.
The jury considered the evidence.,The evidence was considered by the jury.
The prosecutor presented the case.,The case was presented by the prosecutor.
The defense attorney cross-examined the witness.,The witness was cross-examined by the defense attorney.
The witness corroborated the testimony.,The testimony was corroborated by the witness.
The expert provided an opinion.,An opinion was provided by the expert.
The scientist conducted the experiment.,The experiment was conducted by the scientist.
The researcher analyzed the data.,The data was analyzed by the researcher.
The engineer designed the blueprint.,The blueprint was designed by the engineer.
The architect drew the plans.,The plans were drawn by the architect.
The contractor built the house.,The house was built by the contractor.
The plumber installed the pipes.,The pipes were installed by the plumber.
The electrician wired the house.,The house was wired by the electrician.
The carpenter framed the walls.,The walls were framed by the carpenter.
The painter painted the walls.,The walls were painted by the painter.
The landscaper designed the garden.,The garden was designed by the landscaper.
The gardener planted the flowers.,The flowers were planted by the gardener.
The farmer grew the crops.,The crops were grown by the farmer.
The chef prepared the meal.,The meal was prepared by the chef.
The server brought the food.,The food was brought by the server.
The cashier accepted the payment.,The payment was accepted by the cashier.
The customer purchased the item.,The item was purchased by the customer.
The manager supervised the team.,The team was supervised by the manager.
The employee completed the assignment.,The assignment was completed by the employee.
The client received the service.,The service was received by the client.
The patient received treatment.,Treatment was received by the patient.
The doctor prescribed medication.,Medication was prescribed by the doctor.
The nurse administered the medicine.,The medicine was administered by the nurse.
The therapist treated the patient.,The patient was treated by the therapist.
The counselor provided advice.,Advice was provided by the counselor.
The teacher graded the tests.,The tests were graded by the teacher.
The student studied diligently.,Diligently was studied by the student.
The professor lectured the students.,The students were lectured by the professor.
The principal approved the budget.,The budget was approved by the principal.
The secretary scheduled the appointments.,The appointments were scheduled by the secretary.
The accountant audited the accounts.,The accounts were audited by the accountant.
The auditor reviewed the financial statements.,The financial statements were reviewed by the auditor.
The investor funded the project.,The project was funded by the investor.
The company launched the product.,The product was launched by the company.
The marketer advertised the product.,The product was advertised by the marketer.
The advertiser developed the campaign.,The campaign was developed by the advertiser.
The consumer chose the product.,The product was chosen by the consumer.
The researcher published the findings.,The findings were published by the researcher.
The scientist analyzed the results.,The results were analyzed by the scientist.
The engineer built the machine.,The machine was built by the engineer.
The mechanic fixed the car.,The car was fixed by the mechanic.
The electrician installed the wiring.,The wiring was installed by the electrician.
The plumber repaired the leak.,The leak was repaired by the plumber.
The carpenter constructed the furniture.,The furniture was constructed by the carpenter.
The painter painted the house.,The house was painted by the painter.
The landscaper maintained the lawn.,The lawn was maintained by the landscaper.
The gardener cultivated the vegetables.,The vegetables were cultivated by the gardener.
The farmer harvested the wheat.,The wheat was harvested by the farmer.
The chef prepared a delicious meal.,A delicious meal was prepared by the chef.
The waiter served the customers efficiently.,The customers were served efficiently by the waiter.
The cashier processed the transactions quickly.,The transactions were processed quickly by the cashier.
The salesperson persuaded the customer to buy.,The customer was persuaded to buy by the salesperson.
The manager delegated the tasks effectively.,The tasks were delegated effectively by the manager.
The employee completed the project on time.,The project was completed on time by the employee.
The client received excellent service.,Excellent service was received by the client.
The patient received prompt medical attention.,Prompt medical attention was received by the patient.
The doctor diagnosed the illness accurately.,The illness was diagnosed accurately by the doctor.
The nurse administered the medication carefully.,The medication was administered carefully by the nurse.
The therapist helped the patient cope with stress.,The patient was helped to cope with stress by the therapist.
The counselor offered valuable advice.,Valuable advice was offered by the counselor.
The teacher explained the concepts clearly.,The concepts were explained clearly by the teacher.
The student understood the material thoroughly.,The material was understood thoroughly by the student.
The professor graded the exams fairly.,The exams were graded fairly by the professor.
The principal managed the school effectively.,The school was managed effectively by the principal.
The secretary organized the files efficiently.,The files were organized efficiently by the secretary.
The accountant prepared the financial report.,The financial report was prepared by the accountant.
The auditor reviewed the financial statements meticulously.,The financial statements were reviewed meticulously by the auditor.
The investor funded the promising startup.,The promising startup was funded by the investor.
The company launched a revolutionary product.,A revolutionary product was launched by the company.
The marketer created a successful campaign.,A successful campaign was created by the marketer.
The advertiser produced a compelling commercial.,A compelling commercial was produced by the advertiser.
The consumer purchased the high-quality product.,The high-quality product was purchased by the consumer.
The researcher published groundbreaking findings.,Groundbreaking findings were published by the researcher.
The scientist made a significant discovery.,A significant discovery was made by the scientist.
The inventor developed a useful invention.,A useful invention was developed by the inventor.
The engineer designed a sophisticated system.,A sophisticated system was designed by the engineer.
The technician repaired the complex equipment.,The complex equipment was repaired by the technician.
The mechanic overhauled the engine completely.,The engine was overhauled completely by the mechanic.
The pilot navigated the aircraft skillfully.,The aircraft was navigated skillfully by the pilot.
The captain steered the ship safely.,The ship was steered safely by the captain.
The driver drove the car cautiously.,The car was driven cautiously by the driver.
The passenger enjoyed the scenic route.,The scenic route was enjoyed by the passenger.
The tourist visited the historical site.,The historical site was visited by the tourist.
The explorer discovered a new species.,A new species was discovered by the explorer.
The anthropologist studied the ancient civilization.,The ancient civilization was studied by the anthropologist.
The archaeologist excavated the artifacts carefully.,The artifacts were excavated carefully by the archaeologist.
The historian wrote a comprehensive book.,A comprehensive book was written by the historian.
The author published a best-selling novel.,A best-selling novel was published by the author.
The reader enjoyed the thrilling story.,The thrilling story was enjoyed by the reader.
The critic reviewed the film favorably.,The film was reviewed favorably by the critic.
The audience appreciated the performance.,The performance was appreciated by the audience.
The musicians played a beautiful melody.,A beautiful melody was played by the musicians.
The singer captivated the audience with their voice.,The audience was captivated by the singer's voice.
The dancer performed a graceful ballet.,A graceful ballet was performed by the dancer.
The actor portrayed the character convincingly.,The character was portrayed convincingly by the actor.
The director produced a compelling film.,A compelling film was produced by the director.
The producer financed the ambitious project.,The ambitious project was financed by the producer.
The writer crafted a captivating tale.,A captivating tale was crafted by the writer.
The editor revised the manuscript thoroughly.,The manuscript was revised thoroughly by the editor.
The publisher marketed the book effectively.,The book was marketed effectively by the publisher.
The bookstore owner stocked the shelves.,The shelves were stocked by the bookstore owner.
The librarian organized the books.,The books were organized by the librarian.
The student borrowed a book.,A book was borrowed by the student.
The teacher assigned the reading.,The reading was assigned by the teacher.
The professor lectured on history.,History was lectured on by the professor.
The student aced the exam.,The exam was aced by the student.
The teacher graded the papers meticulously.,The papers were graded meticulously by the teacher.
The principal announced the school closure.,The school closure was announced by the principal.
The janitor cleaned the classrooms thoroughly.,The classrooms were cleaned thoroughly by the janitor.
The custodian maintained the school grounds.,The school grounds were maintained by the custodian.
The chef created a new recipe.,A new recipe was created by the chef.
The baker decorated the cake beautifully.,The cake was decorated beautifully by the baker.
The waiter served the food promptly.,The food was served promptly by the waiter.
The customer tipped generously.,Generously was tipped by the customer.
The cashier counted the money accurately.,The money was counted accurately by the cashier.
The salesperson demonstrated the product effectively.,The product was demonstrated effectively by the salesperson.
The manager implemented new policies.,New policies were implemented by the manager.
The employee completed the tasks diligently.,The tasks were completed diligently by the employee.
The client expressed their satisfaction.,Their satisfaction was expressed by the client.
The patient received excellent care.,Excellent care was received by the patient.
The doctor performed a successful surgery.,A successful surgery was performed by the doctor.
The nurse monitored the patient's vital signs.,The patient's vital signs were monitored by the nurse.
The therapist provided support and guidance.,Support and guidance were provided by the therapist.
The counselor offered helpful advice.,Helpful advice was offered by the counselor.
The lawyer presented a strong defense.,A strong defense was presented by the lawyer.
The judge reviewed the evidence carefully.,The evidence was reviewed carefully by the judge.
The jury reached a unanimous decision.,A unanimous decision was reached by the jury.
The witness provided crucial testimony.,Crucial testimony was provided by the witness.
The detective interviewed the suspects.,The suspects were interviewed by the detective.
The police investigated the crime scene thoroughly.,The crime scene was investigated thoroughly by the police.
The thief stole the valuable artwork.,The valuable artwork was stolen by the thief.
The robber escaped with a large sum of money.,A large sum of money was escaped with by the robber.
The burglar left no trace of their entry.,No trace of their entry was left by the burglar.
The vandal defaced public property.,Public property was defaced by the vandal.
The arsonist started a devastating fire.,A devastating fire was started by the arsonist.
The kidnapper demanded a large ransom.,A large ransom was demanded by the kidnapper.
The murderer committed a heinous crime.,A heinous crime was committed by the murderer.
The victim suffered severe injuries.,Severe injuries were suffered by the victim.
The witness identified the perpetrator.,The perpetrator was identified by the witness.
The lawyer defended the innocent client.,The innocent client was defended by the lawyer.
The judge sentenced the guilty party.,The guilty party was sentenced by the judge.
The jury found the defendant not guilty.,The defendant was found not guilty by the jury.
The prosecutor presented irrefutable evidence.,Irrefutable evidence was presented by the prosecutor.
The defense attorney challenged the prosecution's case.,The prosecution's case was challenged by the defense attorney.
The bailiff maintained order in the courtroom.,Order in the courtroom was maintained by the bailiff.
The clerk recorded the proceedings accurately.,The proceedings were recorded accurately by the clerk.
The reporter covered the trial extensively.,The trial was covered extensively by the reporter.
The journalist wrote a compelling article.,A compelling article was written by the journalist.
The editor reviewed the article carefully.,The article was reviewed carefully by the editor.
The publisher printed and distributed the newspaper.,The newspaper was printed and distributed by the publisher.
The reader learned about the important events.,The important events were learned about by the reader.
The student researched the topic thoroughly.,The topic was researched thoroughly by the student.
The professor taught the course effectively.,The course was taught effectively by the professor.
The teacher explained the concepts clearly.,The concepts were explained clearly by the teacher.
The student understood the lesson completely.,The lesson was understood completely by the student.
The principal implemented new rules.,New rules were implemented by the principal.
The superintendent oversaw the school district.,The school district was overseen by the superintendent.
The board of education approved the budget.,The budget was approved by the board of education.
The community supported the local schools.,The local schools were supported by the community.
The parents volunteered their time.,Their time was volunteered by the parents.
The children participated in extracurricular activities.,Extracurricular activities were participated in by the children.
The athlete won the gold medal.,The gold medal was won by the athlete.
The team celebrated their victory.,Their victory was celebrated by the team.
The coach praised the players' performance.,The players' performance was praised by the coach.
The referee made a controversial call.,A controversial call was made by the referee.
The fans cheered enthusiastically.,Enthusiastically was cheered by the fans.
The commentators described the exciting game.,The exciting game was described by the commentators.
The journalist wrote a detailed report.,A detailed report was written by the journalist.
The editor reviewed the article carefully.,The article was reviewed carefully by the editor.
The publisher released the book to critical acclaim.,Critical acclaim was released to the book by the publisher.
The author received numerous awards.,Numerous awards were received by the author.
The reader enjoyed the captivating novel.,The captivating novel was enjoyed by the reader.
The critic praised the author's unique style.,The author's unique style was praised by the critic.
The musician composed a beautiful symphony.,A beautiful symphony was composed by the musician.
The singer performed a powerful ballad.,A powerful ballad was performed by the singer.
The dancer executed a graceful pirouette.,A graceful pirouette was executed by the dancer.
The artist painted a stunning landscape.,A stunning landscape was painted by the artist.
The sculptor created a magnificent statue.,A magnificent statue was created by the sculptor.
The architect designed a modern building.,A modern building was designed by the architect.
The engineer constructed a robust bridge.,A robust bridge was constructed by the engineer.
The scientist discovered a new planet.,A new planet was discovered by the scientist.
The doctor diagnosed the illness correctly.,The illness was diagnosed correctly by the doctor.
The nurse provided compassionate care.,Compassionate care was provided by the nurse.
The therapist offered effective treatment.,Effective treatment was offered by the therapist.
The counselor gave helpful advice.,Helpful advice was given by the counselor.
The lawyer argued the case persuasively.,The case was argued persuasively by the lawyer.
The judge ruled fairly and impartially.,Fairly and impartially was ruled by the judge.
The jury considered all the evidence.,All the evidence was considered by the jury.
The witness recounted the events accurately.,The events were recounted accurately by the witness.
The detective investigated the crime scene thoroughly.,The crime scene was investigated thoroughly by the detective.
The police apprehended the suspect quickly.,The suspect was apprehended quickly by the police.
The thief was caught red-handed.,Red-handed was caught by the thief.
The robber stole a significant amount of cash.,A significant amount of cash was stolen by the robber.
The burglar broke into the apartment silently.,The apartment was broken into silently by the burglar.
The vandal damaged the historical monument.,The historical monument was damaged by the vandal.
The arsonist set fire to the building deliberately.,The building was set on fire deliberately by the arsonist.
The kidnapper held the victim hostage.,The victim was held hostage by the kidnapper.
The murderer planned the crime meticulously.,The crime was planned meticulously by the murderer.
The victim suffered significant emotional trauma.,Significant emotional trauma was suffered by the victim.
The witness gave compelling testimony.,Compelling testimony was given by the witness.
The lawyer presented a strong case.,A strong case was presented by the lawyer.
The judge imposed a just sentence.,A just sentence was imposed by the judge.
The jury deliberated for hours.,Hours were deliberated by the jury.
The prosecutor presented overwhelming evidence.,Overwhelming evidence was presented by the prosecutor.
The defense attorney questioned the witness's credibility.,The witness's credibility was questioned by the defense attorney.
The bailiff maintained order in the courtroom.,Order in the courtroom was maintained by the bailiff.
The clerk meticulously recorded the proceedings.,The proceedings were meticulously recorded by the clerk.
The reporter filed the story accurately.,The story was filed accurately by the reporter.
The editor edited the article for clarity.,The article was edited for clarity by the editor.
The publisher promoted the book extensively.,The book was promoted extensively by the publisher.
The author signed copies for their fans.,Copies were signed for their fans by the author.
The reader purchased the newly released novel.,The newly released novel was purchased by the reader.
The critic gave a positive review.,A positive review was given by the critic.
The audience enjoyed the captivating performance.,The captivating performance was enjoyed by the audience.
The musicians played a harmonious melody.,A harmonious melody was played by the musicians.
The singer hit a high note effortlessly.,A high note was hit effortlessly by the singer.
The dancer moved with grace and precision.,Grace and precision were moved with by the dancer.
The actor delivered a powerful performance.,A powerful performance was delivered by the actor.
The playwright created a compelling story.,A compelling story was created by the playwright.
The director envisioned a unique cinematic style.,A unique cinematic style was envisioned by the director.
The producer funded the independent film.,The independent film was funded by the producer.
The cinematographer captured stunning visuals.,Stunning visuals were captured by the cinematographer.
The editor assembled the footage skillfully.,The footage was assembled skillfully by the editor.
The composer wrote a memorable soundtrack.,A memorable soundtrack was written by the composer.
The sound designer crafted a realistic soundscape.,A realistic soundscape was crafted by the sound designer.
The costume designer created elaborate costumes.,Elaborate costumes were created by the costume designer.
The makeup artist applied flawless makeup.,Flawless makeup was applied by the makeup artist.
The hairstylist styled the hair beautifully.,The hair was styled beautifully by the hairstylist.
The set designer built impressive sets.,Impressive sets were built by the set designer.
The lighting designer illuminated the stage dramatically.,The stage was illuminated dramatically by the lighting designer.
The screenwriter penned a gripping script.,A gripping script was penned by the screenwriter.
The director guided the actors expertly.,The actors were guided expertly by the director.
The actors portrayed their characters convincingly.,Their characters were portrayed convincingly by the actors.
The crew worked tirelessly on the production.,The production was worked tirelessly on by the crew.
The studio released the film to great success.,Great success was released to the film by the studio.
The critics praised the film's originality.,The film's originality was praised by the critics.
The audience applauded enthusiastically.,Enthusiastically was applauded by the audience.
The fans celebrated the film's success.,The film's success was celebrated by the fans.
The viewers enjoyed the thrilling plot.,The thrilling plot was enjoyed by the viewers.
The readers devoured the page-turning novel.,The page-turning novel was devoured by the readers.
The author received numerous accolades.,Numerous accolades were received by the author.
The publisher marketed the book successfully.,The book was marketed successfully by the publisher.
The bookstore displayed the bestseller prominently.,The bestseller was displayed prominently by the bookstore.
The librarian recommended the book to patrons.,The book was recommended to patrons by the librarian.
The student studied the complex subject.,The complex subject was studied by the student.
The teacher explained the difficult concept.,The difficult concept was explained by the teacher.
The professor assigned challenging problems.,Challenging problems were assigned by the professor.
The student solved the equation correctly.,The equation was solved correctly by the student.
The teacher graded the exams fairly.,The exams were graded fairly by the teacher.
The principal implemented new school policies.,New school policies were implemented by the principal.
The superintendent oversaw the entire school system.,The entire school system was overseen by the superintendent.
The board approved the new curriculum.,The new curriculum was approved by the board.
The parents supported the school initiatives.,The school initiatives were supported by the parents.
The community celebrated the school's achievements.,The school's achievements were celebrated by the community.
The athletes trained rigorously for the competition.,Rigorously was trained for the competition by the athletes.
The coach motivated the team effectively.,The team was motivated effectively by the coach.
The referee officiated the match fairly.,The match was officiated fairly by the referee.
The fans cheered loudly for their team.,Their team was cheered loudly for by the fans.
The commentators provided insightful analysis.,Insightful analysis was provided by the commentators.
The journalist reported the news accurately.,The news was reported accurately by the journalist.
The editor fact-checked the article thoroughly.,The article was fact-checked thoroughly by the editor.
The publisher printed millions of copies.,Millions of copies were printed by the publisher.
The author signed countless books.,Countless books were signed by the author.
The reader absorbed the information readily.,The information was absorbed readily by the reader.
The researcher conducted extensive experiments.,Extensive experiments were conducted by the researcher.
The scientist presented the findings at a conference.,The findings were presented at a conference by the scientist.
The engineer designed a revolutionary device.,A revolutionary device was designed by the engineer.
The inventor patented the new technology.,The new technology was patented by the inventor.
The technician maintained the equipment regularly.,The equipment was maintained regularly by the technician.
The mechanic repaired the vehicle expertly.,The vehicle was repaired expertly by the mechanic.
The pilot landed the plane smoothly.,The plane was landed smoothly by the pilot.
The captain navigated the ship safely.,The ship was navigated safely by the captain.
The driver followed the traffic laws.,The traffic laws were followed by the driver.
The passenger enjoyed the comfortable ride.,The comfortable ride was enjoyed by the passenger.
The tourist visited the ancient ruins.,The ancient ruins were visited by the tourist.
The explorer discovered a hidden cave.,A hidden cave was discovered by the explorer.
The anthropologist studied the ancient culture.,The ancient culture was studied by the anthropologist.
The archaeologist unearthed valuable artifacts.,Valuable artifacts were unearthed by the archaeologist.
The historian researched the historical event.,The historical event was researched by the historian.
The writer crafted a compelling narrative.,A compelling narrative was crafted by the writer.
The editor revised the manuscript thoroughly.,The manuscript was revised thoroughly by the editor.
The publisher marketed the book aggressively.,The book was marketed aggressively by the publisher.
The bookstore owner promoted the author's new release.,The author's new release was promoted by the bookstore owner.
The librarian recommended the book to readers.,The book was recommended to readers by the librarian.
The student read the assigned chapters.,The assigned chapters were read by the student.
The teacher assessed the student's understanding.,The student's understanding was assessed by the teacher.
The professor explained the complex theory.,The complex theory was explained by the professor.
The student completed the challenging assignment.,The challenging assignment was completed by the student.
The teacher graded the exams fairly and objectively.,The exams were graded fairly and objectively by the teacher.
The principal announced the school's new policies.,The school's new policies were announced by the principal.
The superintendent implemented the changes effectively.,The changes were implemented effectively by the superintendent.
The school board approved the budget unanimously.,The budget was approved unanimously by the school board.
The community supported the local schools wholeheartedly.,The local schools were supported wholeheartedly by the community.
The parents volunteered at the school regularly.,The school was volunteered at regularly by the parents.
The children participated enthusiastically in the school play.,The school play was participated in enthusiastically by the children.
The actors memorized their lines diligently.,Their lines were memorized diligently by the actors.
The director guided the actors with precision.,The actors were guided with precision by the director.
The producer funded the ambitious project generously.,The ambitious project was funded generously by the producer.
The crew worked diligently on set.,The set was worked diligently on by the crew.
The editor meticulously edited the film.,The film was meticulously edited by the editor.
The composer scored the film dramatically.,The film was scored dramatically by the composer.
The sound designer created a realistic soundscape.,A realistic soundscape was created by the sound designer.
The costume designer created elaborate costumes.,Elaborate costumes were created by the costume designer.
The makeup artist applied stunning makeup.,Stunning makeup was applied by the makeup artist.
The hairstylist styled the actors' hair perfectly.,The actors' hair was styled perfectly by the hairstylist.
The set designer built a magnificent set.,A magnificent set was built by the set designer.
The lighting technician illuminated the scene dramatically.,The scene was illuminated dramatically by the lighting technician.
The screenwriter wrote a gripping screenplay.,A gripping screenplay was written by the screenwriter.
The director filmed the movie masterfully.,The movie was filmed masterfully by the director.
The studio distributed the film worldwide.,The film was distributed worldwide by the studio.
The critics reviewed the film favorably.,The film was reviewed favorably by the critics.
The audience appreciated the film's artistry.,The film's artistry was appreciated by the audience.
The fans loved the film's emotional impact.,The film's emotional impact was loved by the fans.
The viewers were captivated by the storyline.,The storyline captivated the viewers.
The readers were engrossed in the novel.,The novel engrossed the readers.
The author received critical acclaim.,Critical acclaim was received by the author.
The publisher promoted the book extensively.,The book was promoted extensively by the publisher.
The bookstore displayed the book prominently.,The book was displayed prominently by the bookstore.
The librarian helped the patrons find their books.,The patrons were helped find their books by the librarian.
The student researched the topic thoroughly.,The topic was researched thoroughly by the student.
The teacher explained the concepts clearly.,The concepts were explained clearly by the teacher.
The professor assigned thought-provoking questions.,Thought-provoking questions were assigned by the professor.
The student answered the questions correctly.,The questions were answered correctly by the student.
The teacher graded the assignments objectively.,The assignments were graded objectively by the teacher.
The principal addressed the students' concerns.,The students' concerns were addressed by the principal.
The superintendent oversaw the school district effectively.,The school district was overseen effectively by the superintendent.
The school board approved the new budget.,The new budget was approved by the school board.
The principal managed the school efficiently.,The school was managed efficiently by the principal.
The teacher instructed the students patiently.,The students were instructed patiently by the teacher.
The student completed the homework diligently.,The homework was completed diligently by the student.
The professor lectured on the subject matter expertly.,The subject matter was lectured on expertly by the professor.
The researcher conducted the experiment carefully.,The experiment was conducted carefully by the researcher.
The scientist analyzed the data meticulously.,The data was analyzed meticulously by the scientist.
The engineer designed a complex system.,A complex system was designed by the engineer.
The architect drafted the blueprints precisely.,The blueprints were drafted precisely by the architect.
The contractor built the structure according to specifications.,The structure was built according to specifications by the contractor.
The plumber installed the plumbing system correctly.,The plumbing system was installed correctly by the plumber.
The electrician wired the building safely.,The building was wired safely by the electrician.
The carpenter built the furniture skillfully.,The furniture was built skillfully by the carpenter.
The painter painted the mural beautifully.,The mural was painted beautifully by the painter.
The landscaper designed a stunning garden.,A stunning garden was designed by the landscaper.
The gardener tended the plants carefully.,The plants were tended carefully by the gardener.
The farmer harvested a bountiful crop.,A bountiful crop was harvested by the farmer.
The chef prepared an exquisite meal.,An exquisite meal was prepared by the chef.
The waiter served the food promptly and courteously.,The food was served promptly and courteously by the waiter.
The cashier processed the transactions swiftly.,The transactions were processed swiftly by the cashier.
The salesperson presented the product persuasively.,The product was presented persuasively by the salesperson.
The manager resolved the conflict amicably.,The conflict was resolved amicably by the manager.
The employee completed the project successfully.,The project was completed successfully by the employee.
The customer received excellent service.,Excellent service was received by the customer.
The patient received compassionate care.,Compassionate care was received by the patient.
The doctor provided expert medical advice.,Expert medical advice was provided by the doctor.
The nurse administered the medication carefully.,The medication was administered carefully by the nurse.
The therapist offered valuable support.,Valuable support was offered by the therapist.
The counselor provided guidance and direction.,Guidance and direction were provided by the counselor.
The lawyer represented the client effectively.,The client was represented effectively by the lawyer.
The judge delivered a fair and impartial verdict.,A fair and impartial verdict was delivered by the judge.
The jury considered the evidence carefully.,The evidence was considered carefully by the jury.
The witness gave credible testimony.,Credible testimony was given by the witness.
The detective investigated the case diligently.,The case was investigated diligently by the detective.
The police apprehended the suspect.,The suspect was apprehended by the police.
The thief was convicted of grand larceny.,Grand larceny was convicted of by the thief.
The robber was sentenced to a lengthy prison term.,A lengthy prison term was sentenced to the robber.
The burglar was caught breaking into a house.,A house was broken into by the burglar while being caught.
The vandal was ordered to pay for the damages.,The damages were ordered to be paid for by the vandal.
The arsonist caused significant property damage.,Significant property damage was caused by the arsonist.
The kidnapper was apprehended by law enforcement.,Law enforcement apprehended the kidnapper.
The murderer received a life sentence.,A life sentence was received by the murderer.
The victim received justice.,Justice was received by the victim.
The lawyer argued convincingly for their client.,Their client was argued convincingly for by the lawyer.
The judge ruled in favor of the plaintiff.,The plaintiff was ruled in favor of by the judge.
The jury deliberated for many hours.,Many hours were deliberated by the jury.
The prosecutor presented compelling evidence.,Compelling evidence was presented by the prosecutor.
The defense attorney challenged the witness's testimony.,The witness's testimony was challenged by the defense attorney.
The bailiff ensured order in the courtroom.,Order in the courtroom was ensured by the bailiff.
The clerk maintained accurate records.,Accurate records were maintained by the clerk.
The reporter covered the trial impartially.,The trial was covered impartially by the reporter.
The editor reviewed the article thoroughly before publication.,The article was reviewed thoroughly before publication by the editor.
The publisher released the book to positive reviews.,Positive reviews were released to the book by the publisher.
The author received widespread critical acclaim.,Widespread critical acclaim was received by the author.
The reader enjoyed the well-written novel.,The well-written novel was enjoyed by the reader.
The critic praised the author's insightful prose.,The author's insightful prose was praised by the critic.
The bookstore owner displayed the new release prominently.,The new release was displayed prominently by the bookstore owner.
The librarian recommended the book to her patrons.,The book was recommended to her patrons by the librarian.
The student underlined key passages in the text.,Key passages in the text were underlined by the student.
The teacher assigned supplemental readings.,Supplemental readings were assigned by the teacher.
The professor lectured on the historical context.,The historical context was lectured on by the professor.
The student mastered the difficult subject.,The difficult subject was mastered by the student.
The teacher assessed the student's understanding.,The student's understanding was assessed by the teacher.
The principal implemented new school policies.,New school policies were implemented by the principal.
The superintendent oversaw the school district efficiently.,The school district was overseen efficiently by the superintendent.
The school board approved the budget without objection.,The budget was approved without objection by the school board.
The parents supported the school fundraiser actively.,The school fundraiser was supported actively by the parents.
The community celebrated the school's success.,The school's success was celebrated by the community.
The athletes trained diligently for the competition.,Diligently was trained for the competition by the athletes.
The coach prepared the team strategically for the game.,The team was prepared strategically for the game by the coach.
The referee made a fair call.,A fair call was made by the referee.
The fans cheered their team to victory.,Their team was cheered to victory by the fans.
The commentators analyzed the game objectively.,The game was analyzed objectively by the commentators.
The journalist reported the news accurately and fairly.,The news was reported accurately and fairly by the journalist.
The editor fact-checked the article thoroughly.,The article was fact-checked thoroughly by the editor.
The publisher printed and distributed the newspaper widely.,The newspaper was printed and distributed widely by the publisher.
The writer crafted a compelling narrative.,A compelling narrative was crafted by the writer.
The artist painted a breathtaking landscape.,A breathtaking landscape was painted by the artist.
The musician composed a moving symphony.,A moving symphony was composed by the musician.
The singer performed a soulful song.,A soulful song was performed by the singer.
The dancer executed a flawless routine.,A flawless routine was executed by the dancer.
The actor portrayed the character convincingly.,The character was portrayed convincingly by the actor.
The director filmed the scene with precision.,The scene was filmed with precision by the director.
The producer funded the film project generously.,The film project was funded generously by the producer.
The crew worked collaboratively to achieve success.,Success was achieved collaboratively by the crew.
The editor edited the film with expertise.,The film was edited with expertise by the editor.
The composer wrote a haunting score.,A haunting score was written by the composer.
The sound designer created an immersive soundscape.,An immersive soundscape was created by the sound designer.
The costume designer created period-accurate costumes.,Period-accurate costumes were created by the costume designer.
The makeup artist applied subtle and beautiful makeup.,Subtle and beautiful makeup was applied by the makeup artist.
The hairstylist styled the actors' hair perfectly.,The actors' hair was styled perfectly by the hairstylist.
The set designer created a believable environment.,A believable environment was created by the set designer.
The lighting technician illuminated the scene dramatically.,The scene was illuminated dramatically by the lighting technician.
The screenwriter crafted a gripping plot.,A gripping plot was crafted by the screenwriter.
The director oversaw the entire production meticulously.,The entire production was overseen meticulously by the director.
The studio released the film to positive reviews.,Positive reviews were released to the film by the studio.
The critics lauded the film's originality.,The film's originality was lauded by the critics.
The audience appreciated the film's artistic merit.,The film's artistic merit was appreciated by the audience.
The fans eagerly awaited the film's sequel.,The film's sequel was eagerly awaited by the fans.
The viewers were thoroughly entertained by the film.,The film thoroughly entertained the viewers.
The readers were captivated by the author's writing style.,The author's writing style captivated the readers.
The author received numerous awards for their work.,Numerous awards for their work were received by the author.
The publisher invested significantly in the marketing campaign.,The marketing campaign was invested in significantly by the publisher.
The bookstore promoted the book effectively.,The book was promoted effectively by the bookstore.
The librarian curated a special collection of books.,A special collection of books was curated by the librarian.
The student borrowed several books from the library.,Several books from the library were borrowed by the student.
The teacher assigned challenging homework.,Challenging homework was assigned by the teacher.
The student completed the assignment successfully.,The assignment was completed successfully by the student.
The professor lectured on quantum physics.,Quantum physics was lectured on by the professor.
The researcher discovered a new scientific principle.,A new scientific principle was discovered by the researcher.
The scientist published the findings in a prestigious journal.,The findings were published in a prestigious journal by the scientist.
The engineer designed a revolutionary machine.,A revolutionary machine was designed by the engineer.
The mechanic repaired the complex engine.,The complex engine was repaired by the mechanic.
The electrician installed the intricate wiring.,The intricate wiring was installed by the electrician.
The plumber fixed the persistent leak.,The persistent leak was fixed by the plumber.
The carpenter built a sturdy bookshelf.,A sturdy bookshelf was built by the carpenter.
The painter painted a vibrant mural.,A vibrant mural was painted by the painter.
The landscaper designed a beautiful garden.,A beautiful garden was designed by the landscaper.
The gardener planted colorful flowers.,Colorful flowers were planted by the gardener.
The farmer harvested a plentiful crop.,A plentiful crop was harvested by the farmer.
The chef prepared a delectable meal.,A delectable meal was prepared by the chef.
The waiter served the customers efficiently.,The customers were served efficiently by the waiter.
The cashier processed the transactions rapidly.,The transactions were processed rapidly by the cashier.
The salesperson sold a large quantity of goods.,A large quantity of goods was sold by the salesperson.
The manager oversaw the team effectively.,The team was overseen effectively by the manager.
The employee completed the project ahead of schedule.,The project was completed ahead of schedule by the employee.
The client received exceptional service.,Exceptional service was received by the client.
The patient received top-notch medical care.,Top-notch medical care was received by the patient.
The doctor prescribed the necessary medication.,The necessary medication was prescribed by the doctor.
The nurse administered the treatment meticulously.,The treatment was administered meticulously by the nurse.
The therapist provided compassionate care.,Compassionate care was provided by the therapist.
The counselor offered sound advice.,Sound advice was offered by the counselor.
The lawyer presented a compelling case.,A compelling case was presented by the lawyer.
The judge rendered a fair verdict.,A fair verdict was rendered by the judge.
The jury reached a unanimous decision.,A unanimous decision was reached by the jury.
The witness gave truthful testimony.,Truthful testimony was given by the witness.
The detective investigated the case thoroughly.,The case was investigated thoroughly by the detective.
The police apprehended the suspect quickly.,The suspect was apprehended quickly by the police.
The thief stole valuable jewelry.,Valuable jewelry was stolen by the thief.
The robber escaped with a large sum of money.,A large sum of money was escaped with by the robber.
The burglar entered the house stealthily.,The house was entered stealthily by the burglar.
The vandal damaged public property intentionally.,Public property was damaged intentionally by the vandal.
The arsonist started the fire deliberately.,The fire was started deliberately by the arsonist.
The kidnapper demanded a high ransom.,A high ransom was demanded by the kidnapper.
The murderer committed a brutal crime.,A brutal crime was committed by the murderer.
The victim suffered significant injuries.,Significant injuries were suffered by the victim.
The witness provided critical evidence.,Critical evidence was provided by the witness.
The lawyer defended the client zealously.,The client was defended zealously by the lawyer.
The judge sentenced the criminal to prison.,Prison was sentenced to the criminal by the judge.
The jury deliberated the case carefully.,The case was deliberated carefully by the jury.
The prosecutor presented irrefutable evidence.,Irrefutable evidence was presented by the prosecutor.
The defense attorney cross-examined the witness aggressively.,The witness was cross-examined aggressively by the defense attorney.
The bailiff ensured order in the courtroom.,Order in the courtroom was ensured by the bailiff.
The clerk maintained accurate records of the proceedings.,Accurate records of the proceedings were maintained by the clerk.
The reporter covered the trial objectively.,The trial was covered objectively by the reporter.
The editor revised the article for clarity.,The article was revised for clarity by the editor.
The publisher released the book to great fanfare.,Great fanfare was released to the book by the publisher.
The author received positive reviews for their work.,Positive reviews for their work were received by the author.
The reader found the book engaging.,The book was found engaging by the reader.
The critic gave a stellar review.,A stellar review was given by the critic.
The audience thoroughly enjoyed the performance.,The performance was thoroughly enjoyed by the audience.
The musicians played a captivating piece.,A captivating piece was played by the musicians.
The singer produced a powerful vocal performance.,A powerful vocal performance was produced by the singer.
The dancer displayed amazing skill and grace.,Amazing skill and grace were displayed by the dancer.
The actor delivered a moving monologue.,A moving monologue was delivered by the actor.
The playwright created a thought-provoking drama.,A thought-provoking drama was created by the playwright.
The director skillfully managed the film production.,The film production was skillfully managed by the director.
The producer financed the project completely.,The project was financed completely by the producer.
The cinematographer captured breathtaking footage.,Breathtaking footage was captured by the cinematographer.
The editor assembled the film seamlessly.,The film was assembled seamlessly by the editor.
The composer created a memorable score.,A memorable score was created by the composer.
The sound designer mixed the audio expertly.,The audio was mixed expertly by the sound designer.
The costume designer created stunning costumes.,Stunning costumes were created by the costume designer.
The makeup artist applied flawless makeup.,Flawless makeup was applied by the makeup artist.
The hairstylist styled the actors' hair impeccably.,The actors' hair was styled impeccably by the hairstylist.
The set designer built realistic sets.,Realistic sets were built by the set designer.
The lighting technician illuminated the scenes effectively.,The scenes were illuminated effectively by the lighting technician.
The screenwriter wrote a compelling script.,A compelling script was written by the screenwriter.
The actors delivered convincing performances.,Convincing performances were delivered by the actors.
The crew worked tirelessly to meet the deadline.,The deadline was met tirelessly by the crew.
The studio distributed the film internationally.,The film was distributed internationally by the studio.
The critics praised the film's originality.,The film's originality was praised by the critics.
The audience responded enthusiastically to the film.,The film was responded to enthusiastically by the audience.
The fans eagerly anticipated the sequel.,The sequel was eagerly anticipated by the fans.
The viewers found the movie incredibly engaging.,The movie was found incredibly engaging by the viewers.
The readers were captivated by the author's storytelling.,The author's storytelling captivated the readers.
The writer created a complex and nuanced character.,A complex and nuanced character was created by the writer.
The editor polished the manuscript meticulously.,The manuscript was polished meticulously by the editor.
The publisher marketed the book aggressively.,The book was marketed aggressively by the publisher.
The bookstore prominently featured the new release.,The new release was prominently featured by the bookstore.
The librarian organized the books efficiently.,The books were organized efficiently by the librarian.
The student checked out several books from the library.,Several books from the library were checked out by the student.
The teacher provided insightful instruction.,Insightful instruction was provided by the teacher.
The professor assigned challenging problems.,Challenging problems were assigned by the professor.
The student solved the equation with ease.,The equation was solved with ease by the student.
The teacher evaluated the student's work fairly.,The student's work was evaluated fairly by the teacher.
The principal implemented new rules for the school.,New rules for the school were implemented by the principal.
The superintendent managed the school district effectively.,The school district was managed effectively by the superintendent.
The school board approved the new budget unanimously.,The new budget was approved unanimously by the school board.
The parents volunteered their time generously.,Their time was volunteered generously by the parents.
The community supported the school's fundraising efforts.,The school's fundraising efforts were supported by the community.
The athletes trained intensely for the competition.,Intensely was trained for the competition by the athletes.
The coach guided the team strategically.,The team was guided strategically by the coach.
The referee impartially officiated the game.,The game was officiated impartially by the referee.
The fans cheered wildly for their team.,Their team was cheered wildly for by the fans.
The commentators provided expert analysis.,Expert analysis was provided by the commentators.
The journalist reported the news accurately and promptly.,The news was reported accurately and promptly by the journalist.
The editor reviewed the article meticulously.,The article was reviewed meticulously by the editor.
The publisher distributed the magazine widely.,The magazine was distributed widely by the publisher.
The writer crafted a compelling narrative.,A compelling narrative was crafted by the writer.
The artist painted a stunning masterpiece.,A stunning masterpiece was painted by the artist.
The musician composed a beautiful symphony.,A beautiful symphony was composed by the musician.
The singer delivered a powerful performance.,A powerful performance was delivered by the singer.
The dancer performed with grace and precision.,Grace and precision were performed with by the dancer.
The actor portrayed the character believably.,The character was portrayed believably by the actor.
The director oversaw every detail of the production.,Every detail of the production was overseen by the director.
The producer secured funding for the project.,Funding for the project was secured by the producer.
The cinematographer used innovative techniques.,Innovative techniques were used by the cinematographer.
The editor refined the film's pacing.,The film's pacing was refined by the editor.
